52529002,,2669837,21434356,MAIN,728654,,,,,,,,,7098218,qualitative,,6025451,,,In Vivo (Animal models),,,,,,,,,,,,,,,,,,,,,,,,,,ND,,,,,,,,,2018/11/14,,,2018/11/22,
52529003,,2669837,21434380,MAIN,737714,,,,,,,,,7098218,qualitative,,6025451,,,In Vivo (Animal models),,,,,,,,,,,,,,,,,,,,,,,,,,ND,,,,,,,,,2018/11/14,,,2018/11/22,
52529004,,2669837,21434358,MAIN,730478,,,,,,,,,7098218,qualitative,,6025451,,,In Vivo (Animal models),,,,,,,,,,,,,,,,,,,,,,,,,,ND,,,,,,,,,2018/11/14,,,2018/11/22,
52529005,,2669837,21434359,MAIN,732424,,,,,,,,,7098218,qualitative,,6025451,,,In Vivo (Animal models),,,,,,,,,,,,,,,,,,,,,,,,,,ND,,,,,,,,,2018/11/14,,,2018/11/22,
52529006,,2669837,21434360,MAIN,732698,,,,,,,,,7098218,qualitative,,6025451,,,In Vivo (Animal models),,,,,,,,,,,,,,,,,,,,,,,,,,ND,,,,,,,,,2018/11/14,,,2018/11/22,
52529007,,2669837,21434361,MAIN,732705,,,,,,,,,7098218,qualitative,,6025451,,,In Vivo (Animal models),,,,,,,,,,,,,,,,,,,,,,,,,,ND,,,,,,,,,2018/11/14,,,2018/11/22,
52529008,,2669837,21434362,MAIN,732862,,,,,,,,,7098218,qualitative,,6025451,,,In Vivo (Animal models),,,,,,,,,,,,,,,,,,,,,,,,,,ND,,,,,,,,,2018/11/14,,,2018/11/22,
52529009,,2669837,21434363,MAIN,732882,,,,,,,,,7098218,qualitative,,6025451,,,In Vivo (Animal models),,,,,,,,,,,,,,,,,,,,,,,,,,ND,,,,,,,,,2018/11/14,,,2018/11/22,
52529010,,2669837,21434364,MAIN,732888,,,,,,,,,7098218,qualitative,,6025451,,,In Vivo (Animal models),,,,,,,,,,,,,,,,,,,,,,,,,,ND,,,,,,,,,2018/11/14,,,2018/11/22,
52529011,,2669837,21434365,MAIN,733057,,,,,,,,,7098218,qualitative,,6025451,,,In Vivo (Animal models),,,,,,,,,,,,,,,,,,,,,,,,,,ND,,,,,,,,,2018/11/14,,,2018/11/22,
52529012,,2669837,21434366,MAIN,733319,,,,,,,,,7098218,qualitative,,6025451,,,In Vivo (Animal models),,,,,,,,,,,,,,,,,,,,,,,,,,ND,,,,,,,,,2018/11/14,,,2018/11/22,
52529013,,2669837,21434367,MAIN,733719,,,,,,,,,7098218,qualitative,,6025451,,,In Vivo (Animal models),,,,,,,,,,,,,,,,,,,,,,,,,,ND,,,,,,,,,2018/11/14,,,2018/11/22,
52529014,,2669837,21434368,MAIN,733751,,,,,,,,,7098218,qualitative,,6025451,,,In Vivo (Animal models),,,,,,,,,,,,,,,,,,,,,,,,,,ND,,,,,,,,,2018/11/14,,,2018/11/22,
52529015,,2669837,21434369,MAIN,733763,,,,,,,,,7098218,qualitative,,6025451,,,In Vivo (Animal models),,,,,,,,,,,,,,,,,,,,,,,,,,ND,,,,,,,,,2018/11/14,,,2018/11/22,
52529016,,2669837,21434370,MAIN,734509,,,,,,,,,7098218,qualitative,,6025451,,,In Vivo (Animal models),,,,,,,,,,,,,,,,,,,,,,,,,,ND,,,,,,,,,2018/11/14,,,2018/11/22,
52529017,,2669837,21434371,MAIN,734582,,,,,,,,,7098218,qualitative,,6025451,,,In Vivo (Animal models),,,,,,,,,,,,,,,,,,,,,,,,,,ND,,,,,,,,,2018/11/14,,,2018/11/22,
52529018,,2669837,21434372,MAIN,735128,,,,,,,,,7098218,qualitative,,6025451,,,In Vivo (Animal models),,,,,,,,,,,,,,,,,,,,,,,,,,ND,,,,,,,,,2018/11/14,,,2018/11/22,
52529019,,2669837,21434373,MAIN,735153,,,,,,,,,7098218,qualitative,,6025451,,,In Vivo (Animal models),,,,,,,,,,,,,,,,,,,,,,,,,,ND,,,,,,,,,2018/11/14,,,2018/11/22,
52529020,,2669837,21434374,MAIN,735616,,,,,,,,,7098218,qualitative,,6025451,,,In Vivo (Animal models),,,,,,,,,,,,,,,,,,,,,,,,,,ND,,,,,,,,,2018/11/14,,,2018/11/22,
52529021,,2669837,21434375,MAIN,735622,,,,,,,,,7098218,qualitative,,6025451,,,In Vivo (Animal models),,,,,,,,,,,,,,,,,,,,,,,,,,ND,,,,,,,,,2018/11/14,,,2018/11/22,
52529022,,2669837,21434376,MAIN,735671,,,,,,,,,7098218,qualitative,,6025451,,,In Vivo (Animal models),,,,,,,,,,,,,,,,,,,,,,,,,,ND,,,,,,,,,2018/11/14,,,2018/11/22,
52529023,,2669837,21434377,MAIN,736145,,,,,,,,,7098218,qualitative,,6025451,,,In Vivo (Animal models),,,,,,,,,,,,,,,,,,,,,,,,,,ND,,,,,,,,,2018/11/14,,,2018/11/22,
52529024,,2669837,21434378,MAIN,736933,,,,,,,,,7098218,qualitative,,6025451,,,In Vivo (Animal models),,,,,,,,,,,,,,,,,,,,,,,,,,ND,,,,,,,,,2018/11/14,,,2018/11/22,
52529025,,2669837,21434379,MAIN,736960,,,,,,,,,7098218,qualitative,,6025451,,,In Vivo (Animal models),,,,,,,,,,,,,,,,,,,,,,,,,,ND,,,,,,,,,2018/11/14,,,2018/11/22,
52529026,,2669837,21434357,MAIN,729655,,,,,,,,,7098218,qualitative,,6025451,,,In Vivo (Animal models),,,,,,,,,,,,,,,,,,,,,,,,,,ND,,,,,,,,,2018/11/14,,,2018/11/22,
52529027,,2669837,21434381,MAIN,733341,,,,,,,,,7098218,qualitative,,6025451,,,In Vivo (Animal models),,,,,,,,,,,,,,,,,,,,,,,,,,ND,,,,,,,,,2018/11/14,,,2018/11/22,
52529028,,2669568,21434384,MAIN,849653,,,,,,,,,7167818,qualitative,,6088711,,,In Vivo (Animal models),,,,,,,,,,,,,,,,,,,,,,,,,,ND,,,,,,,,,2018/11/14,,,2018/11/22,
52529029,,2669568,21434383,MAIN,2781087,,,,,,,,,7167818,qualitative,,6088711,,,In Vivo (Animal models),,,,,,,,,,,,,,,,,,,,,,,,,,ND,,,,,,,,,2018/11/14,,,2018/11/22,
52529030,,2669568,21434382,MAIN,1691289,,,,,,,,,7167818,qualitative,,6088711,,,In Vivo (Animal models),,,,,,,,,,,,,,,,,,,,,,,,,,ND,,,,,,,,,2018/11/14,,,2018/11/22,
52529035,,2724755,21434389,MAIN,963744,,,,,,,,,7167838,qualitative,,6088731,,,In Vivo (Animal models),,,,,,,,,,,,,,,,,,,,,,,,,,ND,,,,,,,,,2018/11/14,,,2018/11/22,
52529055,,2887363,21434409,MAIN,850813,,,,,,,,,7098258,qualitative,,6025491,,,In Vivo (Animal models),,,,,,,,,,,,,,,,,,,,,,,,,,ND,,,,,,,,,2018/11/14,,,2018/11/22,
52529056,,2552086,21434410,MAIN,4172597,,,,,,,,,7098139,qualitative,,6025372,,,In Vivo (Animal models),,,,,,,,,,,,,,,,,,,,,,,,,,ND,,,,,,,,,2018/11/14,,,2018/11/22,
52529057,,2552086,21434411,MAIN,900263,,,,,,,,,7098139,qualitative,,6025372,,,In Vivo (Animal models),,,,,,,,,,,,,,,,,,,,,,,,,,ND,,,,,,,,,2018/11/14,,,2018/11/22,
52529058,,2730173,21434412,MAIN,663946,,,,,,,,,7167798,qualitative,,6088691,,,In Vivo (Animal models),,,,,,,,,,,,,,,,,,,,,,,,,,ND,,,,,,,,,2018/11/14,,,2018/11/22,
52529059,,2730173,21434414,MAIN,898821,,,,,,,,,7167798,qualitative,,6088691,,,In Vivo (Animal models),,,,,,,,,,,,,,,,,,,,,,,,,,ND,,,,,,,,,2018/11/14,,,2018/11/22,
52529060,,2730173,21434413,MAIN,682146,,,,,,,,,7167798,qualitative,,6088691,,,In Vivo (Animal models),,,,,,,,,,,,,,,,,,,,,,,,,,ND,,,,,,,,,2018/11/14,,,2018/11/22,
52529061,,2887363,21434415,MAIN,832731,,,,,,,,,7098258,qualitative,,6025491,,,In Vivo (Animal models),,,,,,,,,,,,,,,,,,,,,,,,,,ND,,,,,,,,,2018/11/14,,,2018/11/22,
52529075,,3065944,21434429,MAIN,1094180,,,,,,,,,7098318,qualitative,,6025551,,,In Vivo (Animal models),,,,,,,,,,,,,,,,,,,,,,,,,,ND,,,,,,,,,2018/11/14,,,2018/11/22,
52529076,,3022424,21434431,MAIN,1051566,,,,,,,,,7167858,qualitative,,6088751,,,In Vivo (Animal models),,,,,,,,,,,,,,,,,,,,,,,,,,ND,,,,,,,,,2018/11/14,,,2018/11/22,
52529077,,3022424,21434430,MAIN,1045522,,,,,,,,,7167858,qualitative,,6088751,,,In Vivo (Animal models),,,,,,,,,,,,,,,,,,,,,,,,,,ND,,,,,,,,,2018/11/14,,,2018/11/22,
52529078,,3026443,21434432,MAIN,1010048,,,,,,,,,7098298,qualitative,,6025531,,,In Vivo (Animal models),,,,,,,,,,,,,,,,,,,,,,,,,,ND,,,,,,,,,2018/11/14,,,2018/11/22,
52529079,,3026443,21434435,MAIN,1064777,,,,,,,,,7098298,qualitative,,6025531,,,In Vivo (Animal models),,,,,,,,,,,,,,,,,,,,,,,,,,ND,,,,,,,,,2018/11/14,,,2018/11/22,
52529080,,3026443,21434434,MAIN,1040286,,,,,,,,,7098298,qualitative,,6025531,,,In Vivo (Animal models),,,,,,,,,,,,,,,,,,,,,,,,,,ND,,,,,,,,,2018/11/14,,,2018/11/22,
52529081,,3026443,21434433,MAIN,1039529,,,,,,,,,7098298,qualitative,,6025531,,,In Vivo (Animal models),,,,,,,,,,,,,,,,,,,,,,,,,,ND,,,,,,,,,2018/11/14,,,2018/11/22,
52529082,,7106208,21434436,MAIN,1001563,,,,,,,,,7167878,qualitative,,6088771,,,In Vivo (Animal models),,,,,,,,,,,,,,,,,,,,,,,,,,ND,,,,,,,,,2018/11/14,,,2018/11/22,
52529083,,7106208,21434437,MAIN,1002358,,,,,,,,,7167878,qualitative,,6088771,,,In Vivo (Animal models),,,,,,,,,,,,,,,,,,,,,,,,,,ND,,,,,,,,,2018/11/14,,,2018/11/22,
52529084,,7106208,21434438,MAIN,1004647,,,,,,,,,7167878,qualitative,,6088771,,,In Vivo (Animal models),,,,,,,,,,,,,,,,,,,,,,,,,,ND,,,,,,,,,2018/11/14,,,2018/11/22,
52529085,,7106208,21434442,MAIN,1024223,,,,,,,,,7167878,qualitative,,6088771,,,In Vivo (Animal models),,,,,,,,,,,,,,,,,,,,,,,,,,ND,,,,,,,,,2018/11/14,,,2018/11/22,
52529086,,7106208,21434440,MAIN,1012552,,,,,,,,,7167878,qualitative,,6088771,,,In Vivo (Animal models),,,,,,,,,,,,,,,,,,,,,,,,,,ND,,,,,,,,,2018/11/14,,,2018/11/22,
52529087,,7106208,21434441,MAIN,1014925,,,,,,,,,7167878,qualitative,,6088771,,,In Vivo (Animal models),,,,,,,,,,,,,,,,,,,,,,,,,,ND,,,,,,,,,2018/11/14,,,2018/11/22,
52529088,,7106208,21434439,MAIN,1007265,,,,,,,,,7167878,qualitative,,6088771,,,In Vivo (Animal models),,,,,,,,,,,,,,,,,,,,,,,,,,ND,,,,,,,,,2018/11/14,,,2018/11/22,
52529089,,3078478,21434443,MAIN,1001244,,,,,,,,,7098319,qualitative,,6025552,,,In Vivo (Animal models),,,,,,,,,,,,,,,,,,,,,,,,,,ND,,,,,,,,,2018/11/14,,,2018/11/22,
52529090,,3078478,21434464,MAIN,1056836,,,,,,,,,7098319,qualitative,,6025552,,,In Vivo (Animal models),,,,,,,,,,,,,,,,,,,,,,,,,,ND,,,,,,,,,2018/11/14,,,2018/11/22,
52529091,,3078478,21434445,MAIN,1007786,,,,,,,,,7098319,qualitative,,6025552,,,In Vivo (Animal models),,,,,,,,,,,,,,,,,,,,,,,,,,ND,,,,,,,,,2018/11/14,,,2018/11/22,
52529092,,3078478,21434446,MAIN,1011663,,,,,,,,,7098319,qualitative,,6025552,,,In Vivo (Animal models),,,,,,,,,,,,,,,,,,,,,,,,,,ND,,,,,,,,,2018/11/14,,,2018/11/22,
52529093,,3078478,21434449,MAIN,1019263,,,,,,,,,7098319,qualitative,,6025552,,,In Vivo (Animal models),,,,,,,,,,,,,,,,,,,,,,,,,,ND,,,,,,,,,2018/11/14,,,2018/11/22,
52529094,,3078478,21434451,MAIN,1026714,,,,,,,,,7098319,qualitative,,6025552,,,In Vivo (Animal models),,,,,,,,,,,,,,,,,,,,,,,,,,ND,,,,,,,,,2018/11/14,,,2018/11/22,
52529095,,3078478,21434452,MAIN,1026731,,,,,,,,,7098319,qualitative,,6025552,,,In Vivo (Animal models),,,,,,,,,,,,,,,,,,,,,,,,,,ND,,,,,,,,,2018/11/14,,,2018/11/22,
52529096,,3078478,21434454,MAIN,1031699,,,,,,,,,7098319,qualitative,,6025552,,,In Vivo (Animal models),,,,,,,,,,,,,,,,,,,,,,,,,,ND,,,,,,,,,2018/11/14,,,2018/11/22,
52529097,,3078478,21434455,MAIN,1032631,,,,,,,,,7098319,qualitative,,6025552,,,In Vivo (Animal models),,,,,,,,,,,,,,,,,,,,,,,,,,ND,,,,,,,,,2018/11/14,,,2018/11/22,
52529098,,3078478,21434456,MAIN,1040766,,,,,,,,,7098319,qualitative,,6025552,,,In Vivo (Animal models),,,,,,,,,,,,,,,,,,,,,,,,,,ND,,,,,,,,,2018/11/14,,,2018/11/22,
52529099,,3078478,21434457,MAIN,1041445,,,,,,,,,7098319,qualitative,,6025552,,,In Vivo (Animal models),,,,,,,,,,,,,,,,,,,,,,,,,,ND,,,,,,,,,2018/11/14,,,2018/11/22,
52529100,,3078478,21434458,MAIN,1044165,,,,,,,,,7098319,qualitative,,6025552,,,In Vivo (Animal models),,,,,,,,,,,,,,,,,,,,,,,,,,ND,,,,,,,,,2018/11/14,,,2018/11/22,
52529101,,3078478,21434460,MAIN,1049251,,,,,,,,,7098319,qualitative,,6025552,,,In Vivo (Animal models),,,,,,,,,,,,,,,,,,,,,,,,,,ND,,,,,,,,,2018/11/14,,,2018/11/22,
52529102,,3078478,21434461,MAIN,1051252,,,,,,,,,7098319,qualitative,,6025552,,,In Vivo (Animal models),,,,,,,,,,,,,,,,,,,,,,,,,,ND,,,,,,,,,2018/11/14,,,2018/11/22,
52529103,,3078478,21434462,MAIN,1052236,,,,,,,,,7098319,qualitative,,6025552,,,In Vivo (Animal models),,,,,,,,,,,,,,,,,,,,,,,,,,ND,,,,,,,,,2018/11/14,,,2018/11/22,
52529104,,3078478,21434463,MAIN,1053026,,,,,,,,,7098319,qualitative,,6025552,,,In Vivo (Animal models),,,,,,,,,,,,,,,,,,,,,,,,,,ND,,,,,,,,,2018/11/14,,,2018/11/22,
52529105,,3078478,21434447,MAIN,1012593,,,,,,,,,7098319,qualitative,,6025552,,,In Vivo (Animal models),,,,,,,,,,,,,,,,,,,,,,,,,,ND,,,,,,,,,2018/11/14,,,2018/11/22,
52529106,,3078478,21434448,MAIN,1018025,,,,,,,,,7098319,qualitative,,6025552,,,In Vivo (Animal models),,,,,,,,,,,,,,,,,,,,,,,,,,ND,,,,,,,,,2018/11/14,,,2018/11/22,
52529107,,3078478,21434450,MAIN,1026695,,,,,,,,,7098319,qualitative,,6025552,,,In Vivo (Animal models),,,,,,,,,,,,,,,,,,,,,,,,,,ND,,,,,,,,,2018/11/14,,,2018/11/22,
52529108,,3078478,21434453,MAIN,1031364,,,,,,,,,7098319,qualitative,,6025552,,,In Vivo (Animal models),,,,,,,,,,,,,,,,,,,,,,,,,,ND,,,,,,,,,2018/11/14,,,2018/11/22,
52529109,,3078478,21434459,MAIN,1047025,,,,,,,,,7098319,qualitative,,6025552,,,In Vivo (Animal models),,,,,,,,,,,,,,,,,,,,,,,,,,ND,,,,,,,,,2018/11/14,,,2018/11/22,
52529110,,3078478,21434444,MAIN,1005285,,,,,,,,,7098319,qualitative,,6025552,,,In Vivo (Animal models),,,,,,,,,,,,,,,,,,,,,,,,,,ND,,,,,,,,,2018/11/14,,,2018/11/22,
52529111,,2688754,21434480,MAIN,982363,,,,,,,,,7098239,qualitative,,6025472,,,In Vivo (Animal models),,,,,,,,,,,,,,,,,,,,,,,,,,ND,,,,,,,,,2018/11/14,,,2018/11/22,
52529112,,2688754,21434479,MAIN,1087188,,,,,,,,,7098239,qualitative,,6025472,,,In Vivo (Animal models),,,,,,,,,,,,,,,,,,,,,,,,,,ND,,,,,,,,,2018/11/14,,,2018/11/22,
52529113,,2688754,21434482,MAIN,991170,,,,,,,,,7098239,qualitative,,6025472,,,In Vivo (Animal models),,,,,,,,,,,,,,,,,,,,,,,,,,ND,,,,,,,,,2018/11/14,,,2018/11/22,
52529114,,2688754,21434483,MAIN,996506,,,,,,,,,7098239,qualitative,,6025472,,,In Vivo (Animal models),,,,,,,,,,,,,,,,,,,,,,,,,,ND,,,,,,,,,2018/11/14,,,2018/11/22,
52529115,,2688754,21434465,MAIN,1003587,,,,,,,,,7098239,qualitative,,6025472,,,In Vivo (Animal models),,,,,,,,,,,,,,,,,,,,,,,,,,ND,,,,,,,,,2018/11/14,,,2018/11/22,
52529116,,2688754,21434466,MAIN,1011233,,,,,,,,,7098239,qualitative,,6025472,,,In Vivo (Animal models),,,,,,,,,,,,,,,,,,,,,,,,,,ND,,,,,,,,,2018/11/14,,,2018/11/22,
52529117,,2688754,21434467,MAIN,1011416,,,,,,,,,7098239,qualitative,,6025472,,,In Vivo (Animal models),,,,,,,,,,,,,,,,,,,,,,,,,,ND,,,,,,,,,2018/11/14,,,2018/11/22,
52529118,,2688754,21434468,MAIN,1011827,,,,,,,,,7098239,qualitative,,6025472,,,In Vivo (Animal models),,,,,,,,,,,,,,,,,,,,,,,,,,ND,,,,,,,,,2018/11/14,,,2018/11/22,
52529119,,2688754,21434469,MAIN,1027466,,,,,,,,,7098239,qualitative,,6025472,,,In Vivo (Animal models),,,,,,,,,,,,,,,,,,,,,,,,,,ND,,,,,,,,,2018/11/14,,,2018/11/22,
52529120,,2688754,21434470,MAIN,1076874,,,,,,,,,7098239,qualitative,,6025472,,,In Vivo (Animal models),,,,,,,,,,,,,,,,,,,,,,,,,,ND,,,,,,,,,2018/11/14,,,2018/11/22,
52529121,,2688754,21434471,MAIN,1079078,,,,,,,,,7098239,qualitative,,6025472,,,In Vivo (Animal models),,,,,,,,,,,,,,,,,,,,,,,,,,ND,,,,,,,,,2018/11/14,,,2018/11/22,
52529122,,2688754,21434472,MAIN,1079495,,,,,,,,,7098239,qualitative,,6025472,,,In Vivo (Animal models),,,,,,,,,,,,,,,,,,,,,,,,,,ND,,,,,,,,,2018/11/14,,,2018/11/22,
52529123,,2688754,21434473,MAIN,1079496,,,,,,,,,7098239,qualitative,,6025472,,,In Vivo (Animal models),,,,,,,,,,,,,,,,,,,,,,,,,,ND,,,,,,,,,2018/11/14,,,2018/11/22,
52529124,,2688754,21434474,MAIN,1081157,,,,,,,,,7098239,qualitative,,6025472,,,In Vivo (Animal models),,,,,,,,,,,,,,,,,,,,,,,,,,ND,,,,,,,,,2018/11/14,,,2018/11/22,
52529125,,2688754,21434475,MAIN,1083573,,,,,,,,,7098239,qualitative,,6025472,,,In Vivo (Animal models),,,,,,,,,,,,,,,,,,,,,,,,,,ND,,,,,,,,,2018/11/14,,,2018/11/22,
52529126,,2688754,21434476,MAIN,1084701,,,,,,,,,7098239,qualitative,,6025472,,,In Vivo (Animal models),,,,,,,,,,,,,,,,,,,,,,,,,,ND,,,,,,,,,2018/11/14,,,2018/11/22,
52529127,,2688754,21434477,MAIN,1085322,,,,,,,,,7098239,qualitative,,6025472,,,In Vivo (Animal models),,,,,,,,,,,,,,,,,,,,,,,,,,ND,,,,,,,,,2018/11/14,,,2018/11/22,
52529128,,2688754,21434478,MAIN,1085347,,,,,,,,,7098239,qualitative,,6025472,,,In Vivo (Animal models),,,,,,,,,,,,,,,,,,,,,,,,,,ND,,,,,,,,,2018/11/14,,,2018/11/22,
52529129,,2688754,21434481,MAIN,991163,,,,,,,,,7098239,qualitative,,6025472,,,In Vivo (Animal models),,,,,,,,,,,,,,,,,,,,,,,,,,ND,,,,,,,,,2018/11/14,,,2018/11/22,
52529130,,24592,21434484,MAIN,1076023,,,,,,,,,7167898,qualitative,,6088791,,,In Vivo (Animal models),,,,,,,,,,,,,,,,,,,,,,,,,,ND,,,,,,,,,2018/11/14,,,2018/11/22,
52529131,,3136848,21434485,MAIN,1485149,,,,,,,,,7098358,qualitative,,6025591,,,In Vivo (Animal models),,,,,,,,,,,,,,,,,,,,,,,,,,ND,,,,,,,,,2018/11/14,,,2018/11/22,
52529132,,3136848,21434486,MAIN,4060883,,,,,,,,,7098358,qualitative,,6025591,,,In Vivo (Animal models),,,,,,,,,,,,,,,,,,,,,,,,,,ND,,,,,,,,,2018/11/14,,,2018/11/22,
52529133,,3136848,21434489,MAIN,4075336,,,,,,,,,7098358,qualitative,,6025591,,,In Vivo (Animal models),,,,,,,,,,,,,,,,,,,,,,,,,,ND,,,,,,,,,2018/11/14,,,2018/11/22,
52529134,,3136848,21434488,MAIN,4064507,,,,,,,,,7098358,qualitative,,6025591,,,In Vivo (Animal models),,,,,,,,,,,,,,,,,,,,,,,,,,ND,,,,,,,,,2018/11/14,,,2018/11/22,
52529135,,3136848,21434487,MAIN,4063032,,,,,,,,,7098358,qualitative,,6025591,,,In Vivo (Animal models),,,,,,,,,,,,,,,,,,,,,,,,,,ND,,,,,,,,,2018/11/14,,,2018/11/22,
52529136,,2649158,21434530,MAIN,988091,,,,,,,,,7098198,qualitative,,6025431,,,In Vivo (Animal models),,,,,,,,,,,,,,,,,,,,,,,,,,ND,,,,,,,,,2018/11/14,,,2018/11/22,
52529137,,2649158,21434529,MAIN,1083892,,,,,,,,,7098198,qualitative,,6025431,,,In Vivo (Animal models),,,,,,,,,,,,,,,,,,,,,,,,,,ND,,,,,,,,,2018/11/14,,,2018/11/22,
52529138,,2649158,21434532,MAIN,993642,,,,,,,,,7098198,qualitative,,6025431,,,In Vivo (Animal models),,,,,,,,,,,,,,,,,,,,,,,,,,ND,,,,,,,,,2018/11/14,,,2018/11/22,
52529139,,2649158,21434533,MAIN,995440,,,,,,,,,7098198,qualitative,,6025431,,,In Vivo (Animal models),,,,,,,,,,,,,,,,,,,,,,,,,,ND,,,,,,,,,2018/11/14,,,2018/11/22,
52529140,,2649158,21434534,MAIN,995450,,,,,,,,,7098198,qualitative,,6025431,,,In Vivo (Animal models),,,,,,,,,,,,,,,,,,,,,,,,,,ND,,,,,,,,,2018/11/14,,,2018/11/22,
52529141,,2649158,21434535,MAIN,995602,,,,,,,,,7098198,qualitative,,6025431,,,In Vivo (Animal models),,,,,,,,,,,,,,,,,,,,,,,,,,ND,,,,,,,,,2018/11/14,,,2018/11/22,
52529142,,2649158,21434536,MAIN,995809,,,,,,,,,7098198,qualitative,,6025431,,,In Vivo (Animal models),,,,,,,,,,,,,,,,,,,,,,,,,,ND,,,,,,,,,2018/11/14,,,2018/11/22,
52529143,,2649158,21434537,MAIN,998146,,,,,,,,,7098198,qualitative,,6025431,,,In Vivo (Animal models),,,,,,,,,,,,,,,,,,,,,,,,,,ND,,,,,,,,,2018/11/14,,,2018/11/22,
52529144,,2649158,21434490,MAIN,1000147,,,,,,,,,7098198,qualitative,,6025431,,,In Vivo (Animal models),,,,,,,,,,,,,,,,,,,,,,,,,,ND,,,,,,,,,2018/11/14,,,2018/11/22,
52529145,,2649158,21434491,MAIN,1000175,,,,,,,,,7098198,qualitative,,6025431,,,In Vivo (Animal models),,,,,,,,,,,,,,,,,,,,,,,,,,ND,,,,,,,,,2018/11/14,,,2018/11/22,
52529146,,2649158,21434492,MAIN,1001287,,,,,,,,,7098198,qualitative,,6025431,,,In Vivo (Animal models),,,,,,,,,,,,,,,,,,,,,,,,,,ND,,,,,,,,,2018/11/14,,,2018/11/22,
52529147,,2649158,21434493,MAIN,1001748,,,,,,,,,7098198,qualitative,,6025431,,,In Vivo (Animal models),,,,,,,,,,,,,,,,,,,,,,,,,,ND,,,,,,,,,2018/11/14,,,2018/11/22,
52529148,,2649158,21434494,MAIN,1002627,,,,,,,,,7098198,qualitative,,6025431,,,In Vivo (Animal models),,,,,,,,,,,,,,,,,,,,,,,,,,ND,,,,,,,,,2018/11/14,,,2018/11/22,
52529149,,2649158,21434495,MAIN,1002628,,,,,,,,,7098198,qualitative,,6025431,,,In Vivo (Animal models),,,,,,,,,,,,,,,,,,,,,,,,,,ND,,,,,,,,,2018/11/14,,,2018/11/22,
52529150,,2649158,21434496,MAIN,1002670,,,,,,,,,7098198,qualitative,,6025431,,,In Vivo (Animal models),,,,,,,,,,,,,,,,,,,,,,,,,,ND,,,,,,,,,2018/11/14,,,2018/11/22,
52529151,,2649158,21434497,MAIN,1003044,,,,,,,,,7098198,qualitative,,6025431,,,In Vivo (Animal models),,,,,,,,,,,,,,,,,,,,,,,,,,ND,,,,,,,,,2018/11/14,,,2018/11/22,
52529152,,2649158,21434498,MAIN,1003128,,,,,,,,,7098198,qualitative,,6025431,,,In Vivo (Animal models),,,,,,,,,,,,,,,,,,,,,,,,,,ND,,,,,,,,,2018/11/14,,,2018/11/22,
52529153,,2649158,21434499,MAIN,1004666,,,,,,,,,7098198,qualitative,,6025431,,,In Vivo (Animal models),,,,,,,,,,,,,,,,,,,,,,,,,,ND,,,,,,,,,2018/11/14,,,2018/11/22,
52529154,,2649158,21434500,MAIN,1004667,,,,,,,,,7098198,qualitative,,6025431,,,In Vivo (Animal models),,,,,,,,,,,,,,,,,,,,,,,,,,ND,,,,,,,,,2018/11/14,,,2018/11/22,
52529155,,2649158,21434501,MAIN,1005231,,,,,,,,,7098198,qualitative,,6025431,,,In Vivo (Animal models),,,,,,,,,,,,,,,,,,,,,,,,,,ND,,,,,,,,,2018/11/14,,,2018/11/22,
52529156,,2649158,21434502,MAIN,1005779,,,,,,,,,7098198,qualitative,,6025431,,,In Vivo (Animal models),,,,,,,,,,,,,,,,,,,,,,,,,,ND,,,,,,,,,2018/11/14,,,2018/11/22,
52529157,,2649158,21434503,MAIN,1005925,,,,,,,,,7098198,qualitative,,6025431,,,In Vivo (Animal models),,,,,,,,,,,,,,,,,,,,,,,,,,ND,,,,,,,,,2018/11/14,,,2018/11/22,
52529158,,2649158,21434504,MAIN,1006967,,,,,,,,,7098198,qualitative,,6025431,,,In Vivo (Animal models),,,,,,,,,,,,,,,,,,,,,,,,,,ND,,,,,,,,,2018/11/14,,,2018/11/22,
52529159,,2649158,21434505,MAIN,1007002,,,,,,,,,7098198,qualitative,,6025431,,,In Vivo (Animal models),,,,,,,,,,,,,,,,,,,,,,,,,,ND,,,,,,,,,2018/11/14,,,2018/11/22,
52529160,,2649158,21434506,MAIN,1007156,,,,,,,,,7098198,qualitative,,6025431,,,In Vivo (Animal models),,,,,,,,,,,,,,,,,,,,,,,,,,ND,,,,,,,,,2018/11/14,,,2018/11/22,
52529161,,2649158,21434507,MAIN,1008344,,,,,,,,,7098198,qualitative,,6025431,,,In Vivo (Animal models),,,,,,,,,,,,,,,,,,,,,,,,,,ND,,,,,,,,,2018/11/14,,,2018/11/22,
52529162,,2649158,21434508,MAIN,1010809,,,,,,,,,7098198,qualitative,,6025431,,,In Vivo (Animal models),,,,,,,,,,,,,,,,,,,,,,,,,,ND,,,,,,,,,2018/11/14,,,2018/11/22,
52529163,,2649158,21434509,MAIN,1010853,,,,,,,,,7098198,qualitative,,6025431,,,In Vivo (Animal models),,,,,,,,,,,,,,,,,,,,,,,,,,ND,,,,,,,,,2018/11/14,,,2018/11/22,
52529164,,2649158,21434510,MAIN,1010958,,,,,,,,,7098198,qualitative,,6025431,,,In Vivo (Animal models),,,,,,,,,,,,,,,,,,,,,,,,,,ND,,,,,,,,,2018/11/14,,,2018/11/22,
52529165,,2649158,21434511,MAIN,1012043,,,,,,,,,7098198,qualitative,,6025431,,,In Vivo (Animal models),,,,,,,,,,,,,,,,,,,,,,,,,,ND,,,,,,,,,2018/11/14,,,2018/11/22,
52529166,,2649158,21434512,MAIN,1016410,,,,,,,,,7098198,qualitative,,6025431,,,In Vivo (Animal models),,,,,,,,,,,,,,,,,,,,,,,,,,ND,,,,,,,,,2018/11/14,,,2018/11/22,
52529167,,2649158,21434513,MAIN,1016437,,,,,,,,,7098198,qualitative,,6025431,,,In Vivo (Animal models),,,,,,,,,,,,,,,,,,,,,,,,,,ND,,,,,,,,,2018/11/14,,,2018/11/22,
52529168,,2649158,21434514,MAIN,1016737,,,,,,,,,7098198,qualitative,,6025431,,,In Vivo (Animal models),,,,,,,,,,,,,,,,,,,,,,,,,,ND,,,,,,,,,2018/11/14,,,2018/11/22,
52529169,,2649158,21434515,MAIN,1017057,,,,,,,,,7098198,qualitative,,6025431,,,In Vivo (Animal models),,,,,,,,,,,,,,,,,,,,,,,,,,ND,,,,,,,,,2018/11/14,,,2018/11/22,
52529170,,2649158,21434516,MAIN,1018995,,,,,,,,,7098198,qualitative,,6025431,,,In Vivo (Animal models),,,,,,,,,,,,,,,,,,,,,,,,,,ND,,,,,,,,,2018/11/14,,,2018/11/22,
52529171,,2649158,21434517,MAIN,1020989,,,,,,,,,7098198,qualitative,,6025431,,,In Vivo (Animal models),,,,,,,,,,,,,,,,,,,,,,,,,,ND,,,,,,,,,2018/11/14,,,2018/11/22,
52529172,,2649158,21434518,MAIN,1021105,,,,,,,,,7098198,qualitative,,6025431,,,In Vivo (Animal models),,,,,,,,,,,,,,,,,,,,,,,,,,ND,,,,,,,,,2018/11/14,,,2018/11/22,
52529173,,2649158,21434519,MAIN,1026038,,,,,,,,,7098198,qualitative,,6025431,,,In Vivo (Animal models),,,,,,,,,,,,,,,,,,,,,,,,,,ND,,,,,,,,,2018/11/14,,,2018/11/22,
52529174,,2649158,21434520,MAIN,1027368,,,,,,,,,7098198,qualitative,,6025431,,,In Vivo (Animal models),,,,,,,,,,,,,,,,,,,,,,,,,,ND,,,,,,,,,2018/11/14,,,2018/11/22,
52529175,,2649158,21434521,MAIN,1027577,,,,,,,,,7098198,qualitative,,6025431,,,In Vivo (Animal models),,,,,,,,,,,,,,,,,,,,,,,,,,ND,,,,,,,,,2018/11/14,,,2018/11/22,
52529176,,2649158,21434522,MAIN,1033349,,,,,,,,,7098198,qualitative,,6025431,,,In Vivo (Animal models),,,,,,,,,,,,,,,,,,,,,,,,,,ND,,,,,,,,,2018/11/14,,,2018/11/22,
52529177,,2649158,21434523,MAIN,1037723,,,,,,,,,7098198,qualitative,,6025431,,,In Vivo (Animal models),,,,,,,,,,,,,,,,,,,,,,,,,,ND,,,,,,,,,2018/11/14,,,2018/11/22,
52529178,,2649158,21434524,MAIN,1041628,,,,,,,,,7098198,qualitative,,6025431,,,In Vivo (Animal models),,,,,,,,,,,,,,,,,,,,,,,,,,ND,,,,,,,,,2018/11/14,,,2018/11/22,
52529179,,2649158,21434525,MAIN,1045922,,,,,,,,,7098198,qualitative,,6025431,,,In Vivo (Animal models),,,,,,,,,,,,,,,,,,,,,,,,,,ND,,,,,,,,,2018/11/14,,,2018/11/22,
52529180,,2649158,21434526,MAIN,1048322,,,,,,,,,7098198,qualitative,,6025431,,,In Vivo (Animal models),,,,,,,,,,,,,,,,,,,,,,,,,,ND,,,,,,,,,2018/11/14,,,2018/11/22,
52529181,,2649158,21434527,MAIN,1081847,,,,,,,,,7098198,qualitative,,6025431,,,In Vivo (Animal models),,,,,,,,,,,,,,,,,,,,,,,,,,ND,,,,,,,,,2018/11/14,,,2018/11/22,
52529182,,2649158,21434528,MAIN,1082764,,,,,,,,,7098198,qualitative,,6025431,,,In Vivo (Animal models),,,,,,,,,,,,,,,,,,,,,,,,,,ND,,,,,,,,,2018/11/14,,,2018/11/22,
52529183,,2649158,21434531,MAIN,991462,,,,,,,,,7098198,qualitative,,6025431,,,In Vivo (Animal models),,,,,,,,,,,,,,,,,,,,,,,,,,ND,,,,,,,,,2018/11/14,,,2018/11/22,
52529184,,2961250,21434538,MAIN,537684,,,,,,,,,7167918,qualitative,,6088811,,,In Vivo (Animal models),,,,,,,,,,,,,,,,,,,,,,,,,,ND,,,,,,,,,2018/11/14,,,2018/11/22,
52529185,,2961250,21434540,MAIN,558563,,,,,,,,,7167918,qualitative,,6088811,,,In Vivo (Animal models),,,,,,,,,,,,,,,,,,,,,,,,,,ND,,,,,,,,,2018/11/14,,,2018/11/22,
52529186,,2961250,21434539,MAIN,558533,,,,,,,,,7167918,qualitative,,6088811,,,In Vivo (Animal models),,,,,,,,,,,,,,,,,,,,,,,,,,ND,,,,,,,,,2018/11/14,,,2018/11/22,
52529187,,3417669,21434541,MAIN,1507818,,,,,,,,,7098378,qualitative,,6025611,,,In Vivo (Animal models),,,,,,,,,,,,,,,,,,,,,,,,,,ND,,,,,,,,,2018/11/14,,,2018/11/22,
52529188,,3417669,21434542,MAIN,1510018,,,,,,,,,7098378,qualitative,,6025611,,,In Vivo (Animal models),,,,,,,,,,,,,,,,,,,,,,,,,,ND,,,,,,,,,2018/11/14,,,2018/11/22,
52529189,,3417669,21434543,MAIN,1513189,,,,,,,,,7098378,qualitative,,6025611,,,In Vivo (Animal models),,,,,,,,,,,,,,,,,,,,,,,,,,ND,,,,,,,,,2018/11/14,,,2018/11/22,
52529190,,3417669,21434544,MAIN,1513608,,,,,,,,,7098378,qualitative,,6025611,,,In Vivo (Animal models),,,,,,,,,,,,,,,,,,,,,,,,,,ND,,,,,,,,,2018/11/14,,,2018/11/22,
52529191,,3417669,21434545,MAIN,1514098,,,,,,,,,7098378,qualitative,,6025611,,,In Vivo (Animal models),,,,,,,,,,,,,,,,,,,,,,,,,,ND,,,,,,,,,2018/11/14,,,2018/11/22,
52529192,,3417669,21434552,MAIN,2196169,,,,,,,,,7098378,qualitative,,6025611,,,In Vivo (Animal models),,,,,,,,,,,,,,,,,,,,,,,,,,ND,,,,,,,,,2018/11/14,,,2018/11/22,
52529193,,3417669,21434547,MAIN,1516368,,,,,,,,,7098378,qualitative,,6025611,,,In Vivo (Animal models),,,,,,,,,,,,,,,,,,,,,,,,,,ND,,,,,,,,,2018/11/14,,,2018/11/22,
52529194,,3417669,21434548,MAIN,1517568,,,,,,,,,7098378,qualitative,,6025611,,,In Vivo (Animal models),,,,,,,,,,,,,,,,,,,,,,,,,,ND,,,,,,,,,2018/11/14,,,2018/11/22,
52529195,,3417669,21434549,MAIN,1553795,,,,,,,,,7098378,qualitative,,6025611,,,In Vivo (Animal models),,,,,,,,,,,,,,,,,,,,,,,,,,ND,,,,,,,,,2018/11/14,,,2018/11/22,
52529196,,3417669,21434550,MAIN,1556200,,,,,,,,,7098378,qualitative,,6025611,,,In Vivo (Animal models),,,,,,,,,,,,,,,,,,,,,,,,,,ND,,,,,,,,,2018/11/14,,,2018/11/22,
52529197,,3417669,21434551,MAIN,1556209,,,,,,,,,7098378,qualitative,,6025611,,,In Vivo (Animal models),,,,,,,,,,,,,,,,,,,,,,,,,,ND,,,,,,,,,2018/11/14,,,2018/11/22,
52529198,,3417669,21434546,MAIN,1515981,,,,,,,,,7098378,qualitative,,6025611,,,In Vivo (Animal models),,,,,,,,,,,,,,,,,,,,,,,,,,ND,,,,,,,,,2018/11/14,,,2018/11/22,
52529199,,3417669,21434553,MAIN,1509520,,,,,,,,,7098378,qualitative,,6025611,,,In Vivo (Animal models),,,,,,,,,,,,,,,,,,,,,,,,,,ND,,,,,,,,,2018/11/14,,,2018/11/22,
52529200,,3417669,21434554,MAIN,1510061,,,,,,,,,7098378,qualitative,,6025611,,,In Vivo (Animal models),,,,,,,,,,,,,,,,,,,,,,,,,,ND,,,,,,,,,2018/11/14,,,2018/11/22,
52529201,,3417669,21434555,MAIN,1513190,,,,,,,,,7098378,qualitative,,6025611,,,In Vivo (Animal models),,,,,,,,,,,,,,,,,,,,,,,,,,ND,,,,,,,,,2018/11/14,,,2018/11/22,
52529202,,3417669,21434556,MAIN,1513264,,,,,,,,,7098378,qualitative,,6025611,,,In Vivo (Animal models),,,,,,,,,,,,,,,,,,,,,,,,,,ND,,,,,,,,,2018/11/14,,,2018/11/22,
52529203,,3417669,21434561,MAIN,1555913,,,,,,,,,7098378,qualitative,,6025611,,,In Vivo (Animal models),,,,,,,,,,,,,,,,,,,,,,,,,,ND,,,,,,,,,2018/11/14,,,2018/11/22,
52529204,,3417669,21434558,MAIN,1513346,,,,,,,,,7098378,qualitative,,6025611,,,In Vivo (Animal models),,,,,,,,,,,,,,,,,,,,,,,,,,ND,,,,,,,,,2018/11/14,,,2018/11/22,
52529205,,3417669,21434559,MAIN,1514813,,,,,,,,,7098378,qualitative,,6025611,,,In Vivo (Animal models),,,,,,,,,,,,,,,,,,,,,,,,,,ND,,,,,,,,,2018/11/14,,,2018/11/22,
52529206,,3417669,21434560,MAIN,1552664,,,,,,,,,7098378,qualitative,,6025611,,,In Vivo (Animal models),,,,,,,,,,,,,,,,,,,,,,,,,,ND,,,,,,,,,2018/11/14,,,2018/11/22,
52529207,,3417669,21434557,MAIN,1513265,,,,,,,,,7098378,qualitative,,6025611,,,In Vivo (Animal models),,,,,,,,,,,,,,,,,,,,,,,,,,ND,,,,,,,,,2018/11/14,,,2018/11/22,
52529208,,3417741,21434562,MAIN,1535251,,,,,,,,,7098379,qualitative,,6025612,,,In Vivo (Animal models),,,,,,,,,,,,,,,,,,,,,,,,,,ND,,,,,,,,,2018/11/14,,,2018/11/22,
52529209,,3417669,21434563,MAIN,1503426,,,,,,,,,7098378,qualitative,,6025611,,,In Vivo (Animal models),,,,,,,,,,,,,,,,,,,,,,,,,,ND,,,,,,,,,2018/11/14,,,2018/11/22,
52529210,,3417669,21434564,MAIN,1505581,,,,,,,,,7098378,qualitative,,6025611,,,In Vivo (Animal models),,,,,,,,,,,,,,,,,,,,,,,,,,ND,,,,,,,,,2018/11/14,,,2018/11/22,
52529211,,3417669,21434565,MAIN,1508264,,,,,,,,,7098378,qualitative,,6025611,,,In Vivo (Animal models),,,,,,,,,,,,,,,,,,,,,,,,,,ND,,,,,,,,,2018/11/14,,,2018/11/22,
52529212,,3417669,21434566,MAIN,1512170,,,,,,,,,7098378,qualitative,,6025611,,,In Vivo (Animal models),,,,,,,,,,,,,,,,,,,,,,,,,,ND,,,,,,,,,2018/11/14,,,2018/11/22,
52529213,,3417669,21434571,MAIN,1557060,,,,,,,,,7098378,qualitative,,6025611,,,In Vivo (Animal models),,,,,,,,,,,,,,,,,,,,,,,,,,ND,,,,,,,,,2018/11/14,,,2018/11/22,
52529214,,3417669,21434568,MAIN,1515338,,,,,,,,,7098378,qualitative,,6025611,,,In Vivo (Animal models),,,,,,,,,,,,,,,,,,,,,,,,,,ND,,,,,,,,,2018/11/14,,,2018/11/22,
52529215,,3417669,21434569,MAIN,1515848,,,,,,,,,7098378,qualitative,,6025611,,,In Vivo (Animal models),,,,,,,,,,,,,,,,,,,,,,,,,,ND,,,,,,,,,2018/11/14,,,2018/11/22,
52529216,,3417669,21434570,MAIN,1517249,,,,,,,,,7098378,qualitative,,6025611,,,In Vivo (Animal models),,,,,,,,,,,,,,,,,,,,,,,,,,ND,,,,,,,,,2018/11/14,,,2018/11/22,
52529217,,3417669,21434567,MAIN,1513293,,,,,,,,,7098378,qualitative,,6025611,,,In Vivo (Animal models),,,,,,,,,,,,,,,,,,,,,,,,,,ND,,,,,,,,,2018/11/14,,,2018/11/22,
52529218,,3057224,21434572,MAIN,1462379,,,,,,,,,7167938,qualitative,,6088831,,,In Vivo (Animal models),,,,,,,,,,,,,,,,,,,,,,,,,,ND,,,,,,,,,2018/11/14,,,2018/11/22,
52529219,,3057224,21434575,MAIN,1489460,,,,,,,,,7167938,qualitative,,6088831,,,In Vivo (Animal models),,,,,,,,,,,,,,,,,,,,,,,,,,ND,,,,,,,,,2018/11/14,,,2018/11/22,
52529220,,3057224,21434574,MAIN,1482643,,,,,,,,,7167938,qualitative,,6088831,,,In Vivo (Animal models),,,,,,,,,,,,,,,,,,,,,,,,,,ND,,,,,,,,,2018/11/14,,,2018/11/22,
52529221,,3057224,21434573,MAIN,1476005,,,,,,,,,7167938,qualitative,,6088831,,,In Vivo (Animal models),,,,,,,,,,,,,,,,,,,,,,,,,,ND,,,,,,,,,2018/11/14,,,2018/11/22,
52529222,,3463737,21434578,MAIN,407649,,,,,,,,,7167939,qualitative,,6088832,,,In Vivo (Animal models),,,,,,,,,,,,,,,,,,,,,,,,,,ND,,,,,,,,,2018/11/14,,,2018/11/22,
52529223,,3463737,21434577,MAIN,1629450,,,,,,,,,7167939,qualitative,,6088832,,,In Vivo (Animal models),,,,,,,,,,,,,,,,,,,,,,,,,,ND,,,,,,,,,2018/11/14,,,2018/11/22,
52529224,,3463737,21434580,MAIN,414009,,,,,,,,,7167939,qualitative,,6088832,,,In Vivo (Animal models),,,,,,,,,,,,,,,,,,,,,,,,,,ND,,,,,,,,,2018/11/14,,,2018/11/22,
52529225,,3463737,21434581,MAIN,415023,,,,,,,,,7167939,qualitative,,6088832,,,In Vivo (Animal models),,,,,,,,,,,,,,,,,,,,,,,,,,ND,,,,,,,,,2018/11/14,,,2018/11/22,
52529226,,3463737,21434582,MAIN,415026,,,,,,,,,7167939,qualitative,,6088832,,,In Vivo (Animal models),,,,,,,,,,,,,,,,,,,,,,,,,,ND,,,,,,,,,2018/11/14,,,2018/11/22,
52529227,,3463737,21434583,MAIN,418705,,,,,,,,,7167939,qualitative,,6088832,,,In Vivo (Animal models),,,,,,,,,,,,,,,,,,,,,,,,,,ND,,,,,,,,,2018/11/14,,,2018/11/22,
52529228,,3463737,21434584,MAIN,425223,,,,,,,,,7167939,qualitative,,6088832,,,In Vivo (Animal models),,,,,,,,,,,,,,,,,,,,,,,,,,ND,,,,,,,,,2018/11/14,,,2018/11/22,
52529229,,3463737,21434585,MAIN,426371,,,,,,,,,7167939,qualitative,,6088832,,,In Vivo (Animal models),,,,,,,,,,,,,,,,,,,,,,,,,,ND,,,,,,,,,2018/11/14,,,2018/11/22,
52529230,,3463737,21434586,MAIN,427644,,,,,,,,,7167939,qualitative,,6088832,,,In Vivo (Animal models),,,,,,,,,,,,,,,,,,,,,,,,,,ND,,,,,,,,,2018/11/14,,,2018/11/22,
52529231,,3463737,21434587,MAIN,430855,,,,,,,,,7167939,qualitative,,6088832,,,In Vivo (Animal models),,,,,,,,,,,,,,,,,,,,,,,,,,ND,,,,,,,,,2018/11/14,,,2018/11/22,
52529232,,3463737,21434588,MAIN,434218,,,,,,,,,7167939,qualitative,,6088832,,,In Vivo (Animal models),,,,,,,,,,,,,,,,,,,,,,,,,,ND,,,,,,,,,2018/11/14,,,2018/11/22,
52529233,,3463737,21434589,MAIN,436235,,,,,,,,,7167939,qualitative,,6088832,,,In Vivo (Animal models),,,,,,,,,,,,,,,,,,,,,,,,,,ND,,,,,,,,,2018/11/14,,,2018/11/22,
52529234,,3463737,21434590,MAIN,436300,,,,,,,,,7167939,qualitative,,6088832,,,In Vivo (Animal models),,,,,,,,,,,,,,,,,,,,,,,,,,ND,,,,,,,,,2018/11/14,,,2018/11/22,
52529235,,3463737,21434591,MAIN,436311,,,,,,,,,7167939,qualitative,,6088832,,,In Vivo (Animal models),,,,,,,,,,,,,,,,,,,,,,,,,,ND,,,,,,,,,2018/11/14,,,2018/11/22,
52529236,,3463737,21434592,MAIN,442262,,,,,,,,,7167939,qualitative,,6088832,,,In Vivo (Animal models),,,,,,,,,,,,,,,,,,,,,,,,,,ND,,,,,,,,,2018/11/14,,,2018/11/22,
52529237,,3463737,21434593,MAIN,442888,,,,,,,,,7167939,qualitative,,6088832,,,In Vivo (Animal models),,,,,,,,,,,,,,,,,,,,,,,,,,ND,,,,,,,,,2018/11/14,,,2018/11/22,
52529238,,3463737,21434576,MAIN,1624069,,,,,,,,,7167939,qualitative,,6088832,,,In Vivo (Animal models),,,,,,,,,,,,,,,,,,,,,,,,,,ND,,,,,,,,,2018/11/14,,,2018/11/22,
52529239,,3463737,21434579,MAIN,410437,,,,,,,,,7167939,qualitative,,6088832,,,In Vivo (Animal models),,,,,,,,,,,,,,,,,,,,,,,,,,ND,,,,,,,,,2018/11/14,,,2018/11/22,
52529240,,3451390,21434594,MAIN,4122327,,,,,,,,,7167940,qualitative,,6088833,,,In Vivo (Animal models),,,,,,,,,,,,,,,,,,,,,,,,,,ND,,,,,,,,,2018/11/14,,,2018/11/22,
52529241,,3498996,21434596,MAIN,1517755,,,,,,,,,7104484,qualitative,,6030899,,,In Vivo (Animal models),,,,,,,,,,,,,,,,,,,,,,,,,,ND,,,,,,,,,2018/11/14,,,2018/11/22,
52529242,,3498996,21434595,MAIN,1513596,,,,,,,,,7104484,qualitative,,6030899,,,In Vivo (Animal models),,,,,,,,,,,,,,,,,,,,,,,,,,ND,,,,,,,,,2018/11/14,,,2018/11/22,
52529243,,3486327,21434598,MAIN,1492584,,,,,,,,,7104483,qualitative,,6030898,,,In Vivo (Animal models),,,,,,,,,,,,,,,,,,,,,,,,,,ND,,,,,,,,,2018/11/14,,,2018/11/22,
52529244,,3486327,21434597,MAIN,1490523,,,,,,,,,7104483,qualitative,,6030898,,,In Vivo (Animal models),,,,,,,,,,,,,,,,,,,,,,,,,,ND,,,,,,,,,2018/11/14,,,2018/11/22,
52529245,,3057224,21434599,MAIN,1469659,,,,,,,,,7167938,qualitative,,6088831,,,In Vivo (Animal models),,,,,,,,,,,,,,,,,,,,,,,,,,ND,,,,,,,,,2018/11/14,,,2018/11/22,
52529246,,3057224,21434602,MAIN,1485496,,,,,,,,,7167938,qualitative,,6088831,,,In Vivo (Animal models),,,,,,,,,,,,,,,,,,,,,,,,,,ND,,,,,,,,,2018/11/14,,,2018/11/22,
52529247,,3057224,21434601,MAIN,1480539,,,,,,,,,7167938,qualitative,,6088831,,,In Vivo (Animal models),,,,,,,,,,,,,,,,,,,,,,,,,,ND,,,,,,,,,2018/11/14,,,2018/11/22,
52529248,,3057224,21434600,MAIN,1473742,,,,,,,,,7167938,qualitative,,6088831,,,In Vivo (Animal models),,,,,,,,,,,,,,,,,,,,,,,,,,ND,,,,,,,,,2018/11/14,,,2018/11/22,
52529249,,3057224,21434603,MAIN,1510218,,,,,,,,,7167938,qualitative,,6088831,,,In Vivo (Animal models),,,,,,,,,,,,,,,,,,,,,,,,,,ND,,,,,,,,,2018/11/14,,,2018/11/22,
52529250,,3057224,21434604,MAIN,1477238,,,,,,,,,7167938,qualitative,,6088831,,,In Vivo (Animal models),,,,,,,,,,,,,,,,,,,,,,,,,,ND,,,,,,,,,2018/11/14,,,2018/11/22,
52529251,,3463737,21434605,MAIN,398704,,,,,,,,,7167939,qualitative,,6088832,,,In Vivo (Animal models),,,,,,,,,,,,,,,,,,,,,,,,,,ND,,,,,,,,,2018/11/14,,,2018/11/22,
52529252,,3463737,21434606,MAIN,403371,,,,,,,,,7167939,qualitative,,6088832,,,In Vivo (Animal models),,,,,,,,,,,,,,,,,,,,,,,,,,ND,,,,,,,,,2018/11/14,,,2018/11/22,
52529253,,3463737,21434607,MAIN,407645,,,,,,,,,7167939,qualitative,,6088832,,,In Vivo (Animal models),,,,,,,,,,,,,,,,,,,,,,,,,,ND,,,,,,,,,2018/11/14,,,2018/11/22,
52529254,,3463737,21434608,MAIN,411244,,,,,,,,,7167939,qualitative,,6088832,,,In Vivo (Animal models),,,,,,,,,,,,,,,,,,,,,,,,,,ND,,,,,,,,,2018/11/14,,,2018/11/22,
52529255,,3463737,21434613,MAIN,439081,,,,,,,,,7167939,qualitative,,6088832,,,In Vivo (Animal models),,,,,,,,,,,,,,,,,,,,,,,,,,ND,,,,,,,,,2018/11/14,,,2018/11/22,
52529256,,3463737,21434610,MAIN,416447,,,,,,,,,7167939,qualitative,,6088832,,,In Vivo (Animal models),,,,,,,,,,,,,,,,,,,,,,,,,,ND,,,,,,,,,2018/11/14,,,2018/11/22,
52529257,,3463737,21434611,MAIN,417486,,,,,,,,,7167939,qualitative,,6088832,,,In Vivo (Animal models),,,,,,,,,,,,,,,,,,,,,,,,,,ND,,,,,,,,,2018/11/14,,,2018/11/22,
52529258,,3463737,21434612,MAIN,423281,,,,,,,,,7167939,qualitative,,6088832,,,In Vivo (Animal models),,,,,,,,,,,,,,,,,,,,,,,,,,ND,,,,,,,,,2018/11/14,,,2018/11/22,
52529259,,3463737,21434609,MAIN,415281,,,,,,,,,7167939,qualitative,,6088832,,,In Vivo (Animal models),,,,,,,,,,,,,,,,,,,,,,,,,,ND,,,,,,,,,2018/11/14,,,2018/11/22,
52529260,,3486327,21434615,MAIN,1547552,,,,,,,,,7104483,qualitative,,6030898,,,In Vivo (Animal models),,,,,,,,,,,,,,,,,,,,,,,,,,ND,,,,,,,,,2018/11/14,,,2018/11/22,
52529261,,3486327,21434614,MAIN,1469946,,,,,,,,,7104483,qualitative,,6030898,,,In Vivo (Animal models),,,,,,,,,,,,,,,,,,,,,,,,,,ND,,,,,,,,,2018/11/14,,,2018/11/22,
52529262,,3463737,21434617,MAIN,403372,,,,,,,,,7167939,qualitative,,6088832,,,In Vivo (Animal models),,,,,,,,,,,,,,,,,,,,,,,,,,ND,,,,,,,,,2018/11/14,,,2018/11/22,
52529263,,3463737,21434618,MAIN,406001,,,,,,,,,7167939,qualitative,,6088832,,,In Vivo (Animal models),,,,,,,,,,,,,,,,,,,,,,,,,,ND,,,,,,,,,2018/11/14,,,2018/11/22,
52529264,,3463737,21434619,MAIN,407644,,,,,,,,,7167939,qualitative,,6088832,,,In Vivo (Animal models),,,,,,,,,,,,,,,,,,,,,,,,,,ND,,,,,,,,,2018/11/14,,,2018/11/22,
52529265,,3463737,21434620,MAIN,408713,,,,,,,,,7167939,qualitative,,6088832,,,In Vivo (Animal models),,,,,,,,,,,,,,,,,,,,,,,,,,ND,,,,,,,,,2018/11/14,,,2018/11/22,
52529266,,3463737,21434621,MAIN,410202,,,,,,,,,7167939,qualitative,,6088832,,,In Vivo (Animal models),,,,,,,,,,,,,,,,,,,,,,,,,,ND,,,,,,,,,2018/11/14,,,2018/11/22,
52529267,,3463737,21434616,MAIN,1624811,,,,,,,,,7167939,qualitative,,6088832,,,In Vivo (Animal models),,,,,,,,,,,,,,,,,,,,,,,,,,ND,,,,,,,,,2018/11/14,,,2018/11/22,
52529268,,3463737,21434623,MAIN,413724,,,,,,,,,7167939,qualitative,,6088832,,,In Vivo (Animal models),,,,,,,,,,,,,,,,,,,,,,,,,,ND,,,,,,,,,2018/11/14,,,2018/11/22,
52529269,,3463737,21434624,MAIN,420649,,,,,,,,,7167939,qualitative,,6088832,,,In Vivo (Animal models),,,,,,,,,,,,,,,,,,,,,,,,,,ND,,,,,,,,,2018/11/14,,,2018/11/22,
52529270,,3463737,21434625,MAIN,427436,,,,,,,,,7167939,qualitative,,6088832,,,In Vivo (Animal models),,,,,,,,,,,,,,,,,,,,,,,,,,ND,,,,,,,,,2018/11/14,,,2018/11/22,
52529271,,3463737,21434626,MAIN,427647,,,,,,,,,7167939,qualitative,,6088832,,,In Vivo (Animal models),,,,,,,,,,,,,,,,,,,,,,,,,,ND,,,,,,,,,2018/11/14,,,2018/11/22,
52529272,,3463737,21434627,MAIN,446417,,,,,,,,,7167939,qualitative,,6088832,,,In Vivo (Animal models),,,,,,,,,,,,,,,,,,,,,,,,,,ND,,,,,,,,,2018/11/14,,,2018/11/22,
52529273,,3463737,21434622,MAIN,411277,,,,,,,,,7167939,qualitative,,6088832,,,In Vivo (Animal models),,,,,,,,,,,,,,,,,,,,,,,,,,ND,,,,,,,,,2018/11/14,,,2018/11/22,
52529274,,3463737,21434628,MAIN,1625101,,,,,,,,,7167939,qualitative,,6088832,,,In Vivo (Animal models),,,,,,,,,,,,,,,,,,,,,,,,,,ND,,,,,,,,,2018/11/14,,,2018/11/22,
52529275,,3499117,21434629,MAIN,1518034,,,,,,,,,7104485,qualitative,,6030900,,,In Vivo (Animal models),,,,,,,,,,,,,,,,,,,,,,,,,,ND,,,,,,,,,2018/11/14,,,2018/11/22,
52529276,,3463737,21434631,MAIN,402229,,,,,,,,,7167939,qualitative,,6088832,,,In Vivo (Animal models),,,,,,,,,,,,,,,,,,,,,,,,,,ND,,,,,,,,,2018/11/14,,,2018/11/22,
52529277,,3463737,21434630,MAIN,1623785,,,,,,,,,7167939,qualitative,,6088832,,,In Vivo (Animal models),,,,,,,,,,,,,,,,,,,,,,,,,,ND,,,,,,,,,2018/11/14,,,2018/11/22,
52529278,,3463737,21434632,MAIN,407631,,,,,,,,,7167939,qualitative,,6088832,,,In Vivo (Animal models),,,,,,,,,,,,,,,,,,,,,,,,,,ND,,,,,,,,,2018/11/14,,,2018/11/22,
52529279,,3463737,21434633,MAIN,407632,,,,,,,,,7167939,qualitative,,6088832,,,In Vivo (Animal models),,,,,,,,,,,,,,,,,,,,,,,,,,ND,,,,,,,,,2018/11/14,,,2018/11/22,
52529280,,3463737,21434634,MAIN,407643,,,,,,,,,7167939,qualitative,,6088832,,,In Vivo (Animal models),,,,,,,,,,,,,,,,,,,,,,,,,,ND,,,,,,,,,2018/11/14,,,2018/11/22,
52529281,,3463737,21434635,MAIN,410460,,,,,,,,,7167939,qualitative,,6088832,,,In Vivo (Animal models),,,,,,,,,,,,,,,,,,,,,,,,,,ND,,,,,,,,,2018/11/14,,,2018/11/22,
52529282,,3463737,21434636,MAIN,410481,,,,,,,,,7167939,qualitative,,6088832,,,In Vivo (Animal models),,,,,,,,,,,,,,,,,,,,,,,,,,ND,,,,,,,,,2018/11/14,,,2018/11/22,
52529283,,3463737,21434637,MAIN,414316,,,,,,,,,7167939,qualitative,,6088832,,,In Vivo (Animal models),,,,,,,,,,,,,,,,,,,,,,,,,,ND,,,,,,,,,2018/11/14,,,2018/11/22,
52529284,,3463737,21434638,MAIN,414600,,,,,,,,,7167939,qualitative,,6088832,,,In Vivo (Animal models),,,,,,,,,,,,,,,,,,,,,,,,,,ND,,,,,,,,,2018/11/14,,,2018/11/22,
52529285,,3463737,21434639,MAIN,415253,,,,,,,,,7167939,qualitative,,6088832,,,In Vivo (Animal models),,,,,,,,,,,,,,,,,,,,,,,,,,ND,,,,,,,,,2018/11/14,,,2018/11/22,
52529286,,3463737,21434640,MAIN,423617,,,,,,,,,7167939,qualitative,,6088832,,,In Vivo (Animal models),,,,,,,,,,,,,,,,,,,,,,,,,,ND,,,,,,,,,2018/11/14,,,2018/11/22,
52529287,,3463737,21434641,MAIN,425200,,,,,,,,,7167939,qualitative,,6088832,,,In Vivo (Animal models),,,,,,,,,,,,,,,,,,,,,,,,,,ND,,,,,,,,,2018/11/14,,,2018/11/22,
52529288,,3463737,21434642,MAIN,436913,,,,,,,,,7167939,qualitative,,6088832,,,In Vivo (Animal models),,,,,,,,,,,,,,,,,,,,,,,,,,ND,,,,,,,,,2018/11/14,,,2018/11/22,
52529289,,3463737,21434643,MAIN,440025,,,,,,,,,7167939,qualitative,,6088832,,,In Vivo (Animal models),,,,,,,,,,,,,,,,,,,,,,,,,,ND,,,,,,,,,2018/11/14,,,2018/11/22,
52529295,,400386,21434650,MAIN,1973436,,,,,,,,,7062654,qualitative,,5995387,,,In Vivo (Animal models),,,,,,,,,,,,,,,,,,,,,,,,,,ND,,,,,,,,,2018/11/15,,,2018/11/22,
52529296,,400386,21434649,MAIN,1935261,,,,,,,,,7062654,qualitative,,5995387,,,In Vivo (Animal models),,,,,,,,,,,,,,,,,,,,,,,,,,ND,,,,,,,,,2018/11/15,,,2018/11/22,
52529297,,2926979,21434651,MAIN,1823225,,,,,,,,,7098278,qualitative,,6025511,,,In Vivo (Animal models),,,,,,,,,,,,,,,,,,,,,,,,,,ND,,,,,,,,,2018/11/15,,,2018/11/22,
52529298,,2926979,21434652,MAIN,1823227,,,,,,,,,7098278,qualitative,,6025511,,,In Vivo (Animal models),,,,,,,,,,,,,,,,,,,,,,,,,,ND,,,,,,,,,2018/11/15,,,2018/11/22,
52529299,,2926979,21434653,MAIN,1823228,,,,,,,,,7098278,qualitative,,6025511,,,In Vivo (Animal models),,,,,,,,,,,,,,,,,,,,,,,,,,ND,,,,,,,,,2018/11/15,,,2018/11/22,
52529300,,2926979,21434654,MAIN,1824170,,,,,,,,,7098278,qualitative,,6025511,,,In Vivo (Animal models),,,,,,,,,,,,,,,,,,,,,,,,,,ND,,,,,,,,,2018/11/15,,,2018/11/22,
52529301,,2926979,21434659,MAIN,2029020,,,,,,,,,7098278,qualitative,,6025511,,,In Vivo (Animal models),,,,,,,,,,,,,,,,,,,,,,,,,,ND,,,,,,,,,2018/11/15,,,2018/11/22,
52529302,,2926979,21434656,MAIN,1827559,,,,,,,,,7098278,qualitative,,6025511,,,In Vivo (Animal models),,,,,,,,,,,,,,,,,,,,,,,,,,ND,,,,,,,,,2018/11/15,,,2018/11/22,
52529303,,2926979,21434657,MAIN,1828676,,,,,,,,,7098278,qualitative,,6025511,,,In Vivo (Animal models),,,,,,,,,,,,,,,,,,,,,,,,,,ND,,,,,,,,,2018/11/15,,,2018/11/22,
52529304,,2926979,21434658,MAIN,2028996,,,,,,,,,7098278,qualitative,,6025511,,,In Vivo (Animal models),,,,,,,,,,,,,,,,,,,,,,,,,,ND,,,,,,,,,2018/11/15,,,2018/11/22,
52529305,,2926979,21434655,MAIN,1826354,,,,,,,,,7098278,qualitative,,6025511,,,In Vivo (Animal models),,,,,,,,,,,,,,,,,,,,,,,,,,ND,,,,,,,,,2018/11/15,,,2018/11/22,
52529306,,2760226,21434660,MAIN,2173717,,,,,,,,,7167958,qualitative,,6088851,,,In Vivo (Animal models),,,,,,,,,,,,,,,,,,,,,,,,,,ND,,,,,,,,,2018/11/15,,,2018/11/22,
52529307,,3499117,21434661,MAIN,2198396,,,,,,,,,7104485,qualitative,,6030900,,,In Vivo (Animal models),,,,,,,,,,,,,,,,,,,,,,,,,,ND,,,,,,,,,2018/11/15,,,2018/11/22,
52529308,,400483,21434662,MAIN,2147608,,,,,,,,,7062655,qualitative,,5995388,,,In Vivo (Animal models),,,,,,,,,,,,,,,,,,,,,,,,,,ND,,,,,,,,,2018/11/15,,,2018/11/22,
52529309,,4150178,21434663,MAIN,2095923,,,,,,,,,7167978,qualitative,,6088871,,,In Vivo (Animal models),,,,,,,,,,,,,,,,,,,,,,,,,,ND,,,,,,,,,2018/11/15,,,2018/11/22,
52529310,,400140,21434664,MAIN,2110764,,,,,,,,,7062653,qualitative,,5995386,,,In Vivo (Animal models),,,,,,,,,,,,,,,,,,,,,,,,,,ND,,,,,,,,,2018/11/15,,,2018/11/22,
52529311,,400140,21434665,MAIN,2113886,,,,,,,,,7062653,qualitative,,5995386,,,In Vivo (Animal models),,,,,,,,,,,,,,,,,,,,,,,,,,ND,,,,,,,,,2018/11/15,,,2018/11/22,
52529312,,400140,21434666,MAIN,2116973,,,,,,,,,7062653,qualitative,,5995386,,,In Vivo (Animal models),,,,,,,,,,,,,,,,,,,,,,,,,,ND,,,,,,,,,2018/11/15,,,2018/11/22,
52529313,,400140,21434671,MAIN,2292803,,,,,,,,,7062653,qualitative,,5995386,,,In Vivo (Animal models),,,,,,,,,,,,,,,,,,,,,,,,,,ND,,,,,,,,,2018/11/15,,,2018/11/22,
52529314,,400140,21434668,MAIN,2285524,,,,,,,,,7062653,qualitative,,5995386,,,In Vivo (Animal models),,,,,,,,,,,,,,,,,,,,,,,,,,ND,,,,,,,,,2018/11/15,,,2018/11/22,
52529315,,400140,21434669,MAIN,2288534,,,,,,,,,7062653,qualitative,,5995386,,,In Vivo (Animal models),,,,,,,,,,,,,,,,,,,,,,,,,,ND,,,,,,,,,2018/11/15,,,2018/11/22,
52529316,,400140,21434670,MAIN,2290422,,,,,,,,,7062653,qualitative,,5995386,,,In Vivo (Animal models),,,,,,,,,,,,,,,,,,,,,,,,,,ND,,,,,,,,,2018/11/15,,,2018/11/22,
52529317,,400140,21434667,MAIN,2213799,,,,,,,,,7062653,qualitative,,5995386,,,In Vivo (Animal models),,,,,,,,,,,,,,,,,,,,,,,,,,ND,,,,,,,,,2018/11/15,,,2018/11/22,
52529318,,4205132,21434672,MAIN,2304572,,,,,,,,,7167998,qualitative,,6088891,,,In Vivo (Animal models),,,,,,,,,,,,,,,,,,,,,,,,,,ND,,,,,,,,,2018/11/15,,,2018/11/22,
52529319,,4205132,21434674,MAIN,2308886,,,,,,,,,7167998,qualitative,,6088891,,,In Vivo (Animal models),,,,,,,,,,,,,,,,,,,,,,,,,,ND,,,,,,,,,2018/11/15,,,2018/11/22,
52529320,,4205132,21434673,MAIN,2304634,,,,,,,,,7167998,qualitative,,6088891,,,In Vivo (Animal models),,,,,,,,,,,,,,,,,,,,,,,,,,ND,,,,,,,,,2018/11/15,,,2018/11/22,
52529321,,4203084,21434675,MAIN,2307589,,,,,,,,,7107533,qualitative,,6033726,,,In Vivo (Animal models),,,,,,,,,,,,,,,,,,,,,,,,,,ND,,,,,,,,,2018/11/15,,,2018/11/22,
52529322,,4203084,21434677,MAIN,2312208,,,,,,,,,7107533,qualitative,,6033726,,,In Vivo (Animal models),,,,,,,,,,,,,,,,,,,,,,,,,,ND,,,,,,,,,2018/11/15,,,2018/11/22,
52529323,,4203084,21434676,MAIN,2309685,,,,,,,,,7107533,qualitative,,6033726,,,In Vivo (Animal models),,,,,,,,,,,,,,,,,,,,,,,,,,ND,,,,,,,,,2018/11/15,,,2018/11/22,
52529324,,3112373,21434678,MAIN,2310897,,,,,,,,,7098338,qualitative,,6025571,,,In Vivo (Animal models),,,,,,,,,,,,,,,,,,,,,,,,,,ND,,,,,,,,,2018/11/15,,,2018/11/22,
52529325,,400484,21434679,MAIN,2272009,,,,,,,,,7062656,qualitative,,5995389,,,In Vivo (Animal models),,,,,,,,,,,,,,,,,,,,,,,,,,ND,,,,,,,,,2018/11/15,,,2018/11/22,
52529326,,3112373,21434680,MAIN,2306569,,,,,,,,,7098338,qualitative,,6025571,,,In Vivo (Animal models),,,,,,,,,,,,,,,,,,,,,,,,,,ND,,,,,,,,,2018/11/15,,,2018/11/22,
52529327,,3112373,21434681,MAIN,2310415,,,,,,,,,7098338,qualitative,,6025571,,,In Vivo (Animal models),,,,,,,,,,,,,,,,,,,,,,,,,,ND,,,,,,,,,2018/11/15,,,2018/11/22,
52529328,,3112373,21434685,MAIN,2318052,,,,,,,,,7098338,qualitative,,6025571,,,In Vivo (Animal models),,,,,,,,,,,,,,,,,,,,,,,,,,ND,,,,,,,,,2018/11/15,,,2018/11/22,
52529329,,3112373,21434683,MAIN,2313651,,,,,,,,,7098338,qualitative,,6025571,,,In Vivo (Animal models),,,,,,,,,,,,,,,,,,,,,,,,,,ND,,,,,,,,,2018/11/15,,,2018/11/22,
52529330,,3112373,21434684,MAIN,2316050,,,,,,,,,7098338,qualitative,,6025571,,,In Vivo (Animal models),,,,,,,,,,,,,,,,,,,,,,,,,,ND,,,,,,,,,2018/11/15,,,2018/11/22,
52529331,,3112373,21434682,MAIN,2313431,,,,,,,,,7098338,qualitative,,6025571,,,In Vivo (Animal models),,,,,,,,,,,,,,,,,,,,,,,,,,ND,,,,,,,,,2018/11/15,,,2018/11/22,
52529332,,3499833,21434687,MAIN,2304064,,,,,,,,,7104486,qualitative,,6030901,,,In Vivo (Animal models),,,,,,,,,,,,,,,,,,,,,,,,,,ND,,,,,,,,,2018/11/15,,,2018/11/22,
52529333,,3499833,21434686,MAIN,2297283,,,,,,,,,7104486,qualitative,,6030901,,,In Vivo (Animal models),,,,,,,,,,,,,,,,,,,,,,,,,,ND,,,,,,,,,2018/11/15,,,2018/11/22,
52529334,,4203084,21434688,MAIN,2310805,,,,,,,,,7107533,qualitative,,6033726,,,In Vivo (Animal models),,,,,,,,,,,,,,,,,,,,,,,,,,ND,,,,,,,,,2018/11/15,,,2018/11/22,
52529335,,400484,21434690,MAIN,2418756,,,,,,,,,7062656,qualitative,,5995389,,,In Vivo (Animal models),,,,,,,,,,,,,,,,,,,,,,,,,,ND,,,,,,,,,2018/11/15,,,2018/11/22,
52529336,,400484,21434689,MAIN,2418259,,,,,,,,,7062656,qualitative,,5995389,,,In Vivo (Animal models),,,,,,,,,,,,,,,,,,,,,,,,,,ND,,,,,,,,,2018/11/15,,,2018/11/22,
52529337,,4213078,21434692,MAIN,2398683,,,,,,,,,7168018,qualitative,,6088911,,,In Vivo (Animal models),,,,,,,,,,,,,,,,,,,,,,,,,,ND,,,,,,,,,2018/11/15,,,2018/11/22,
52529338,,4213078,21434691,MAIN,2398464,,,,,,,,,7168018,qualitative,,6088911,,,In Vivo (Animal models),,,,,,,,,,,,,,,,,,,,,,,,,,ND,,,,,,,,,2018/11/15,,,2018/11/22,
52529339,,4213079,21434693,MAIN,2304202,,,,,,,,,7107537,qualitative,,6033730,,,In Vivo (Animal models),,,,,,,,,,,,,,,,,,,,,,,,,,ND,,,,,,,,,2018/11/15,,,2018/11/22,
52529340,,4213079,21434694,MAIN,2481414,,,,,,,,,7107537,qualitative,,6033730,,,In Vivo (Animal models),,,,,,,,,,,,,,,,,,,,,,,,,,ND,,,,,,,,,2018/11/15,,,2018/11/22,
52529341,,4213079,21434697,MAIN,2485483,,,,,,,,,7107537,qualitative,,6033730,,,In Vivo (Animal models),,,,,,,,,,,,,,,,,,,,,,,,,,ND,,,,,,,,,2018/11/15,,,2018/11/22,
52529342,,4213079,21434696,MAIN,2484661,,,,,,,,,7107537,qualitative,,6033730,,,In Vivo (Animal models),,,,,,,,,,,,,,,,,,,,,,,,,,ND,,,,,,,,,2018/11/15,,,2018/11/22,
52529343,,4213079,21434695,MAIN,2482136,,,,,,,,,7107537,qualitative,,6033730,,,In Vivo (Animal models),,,,,,,,,,,,,,,,,,,,,,,,,,ND,,,,,,,,,2018/11/15,,,2018/11/22,
52529344,,4499253,21434699,MAIN,2424120,,,,,,,,,7168038,qualitative,,6088931,,,In Vivo (Animal models),,,,,,,,,,,,,,,,,,,,,,,,,,ND,,,,,,,,,2018/11/15,,,2018/11/22,
52529345,,4499253,21434698,MAIN,2424013,,,,,,,,,7168038,qualitative,,6088931,,,In Vivo (Animal models),,,,,,,,,,,,,,,,,,,,,,,,,,ND,,,,,,,,,2018/11/15,,,2018/11/22,
52529346,,4499253,21434700,MAIN,2424121,,,,,,,,,7168038,qualitative,,6088931,,,In Vivo (Animal models),,,,,,,,,,,,,,,,,,,,,,,,,,ND,,,,,,,,,2018/11/15,,,2018/11/22,
52529347,,4491819,21434701,MAIN,2290185,,,,,,,,,7168058,qualitative,,6088951,,,In Vivo (Animal models),,,,,,,,,,,,,,,,,,,,,,,,,,ND,,,,,,,,,2018/11/15,,,2018/11/22,
52529348,,4491819,21434703,MAIN,2481557,,,,,,,,,7168058,qualitative,,6088951,,,In Vivo (Animal models),,,,,,,,,,,,,,,,,,,,,,,,,,ND,,,,,,,,,2018/11/15,,,2018/11/22,
52529349,,4491819,21434702,MAIN,2473971,,,,,,,,,7168058,qualitative,,6088951,,,In Vivo (Animal models),,,,,,,,,,,,,,,,,,,,,,,,,,ND,,,,,,,,,2018/11/15,,,2018/11/22,
52529350,,4213078,21434705,MAIN,2308932,,,,,,,,,7168018,qualitative,,6088911,,,In Vivo (Animal models),,,,,,,,,,,,,,,,,,,,,,,,,,ND,,,,,,,,,2018/11/15,,,2018/11/22,
52529351,,4213078,21434704,MAIN,2307793,,,,,,,,,7168018,qualitative,,6088911,,,In Vivo (Animal models),,,,,,,,,,,,,,,,,,,,,,,,,,ND,,,,,,,,,2018/11/15,,,2018/11/22,
52529352,,400484,21434707,MAIN,2505072,,,,,,,,,7062656,qualitative,,5995389,,,In Vivo (Animal models),,,,,,,,,,,,,,,,,,,,,,,,,,ND,,,,,,,,,2018/11/15,,,2018/11/22,
52529353,,400484,21434708,MAIN,2505537,,,,,,,,,7062656,qualitative,,5995389,,,In Vivo (Animal models),,,,,,,,,,,,,,,,,,,,,,,,,,ND,,,,,,,,,2018/11/15,,,2018/11/22,
52529354,,400484,21434709,MAIN,2505675,,,,,,,,,7062656,qualitative,,5995389,,,In Vivo (Animal models),,,,,,,,,,,,,,,,,,,,,,,,,,ND,,,,,,,,,2018/11/15,,,2018/11/22,
52529355,,400484,21434710,MAIN,2506048,,,,,,,,,7062656,qualitative,,5995389,,,In Vivo (Animal models),,,,,,,,,,,,,,,,,,,,,,,,,,ND,,,,,,,,,2018/11/15,,,2018/11/22,
52529356,,400484,21434711,MAIN,2506283,,,,,,,,,7062656,qualitative,,5995389,,,In Vivo (Animal models),,,,,,,,,,,,,,,,,,,,,,,,,,ND,,,,,,,,,2018/11/15,,,2018/11/22,
52529357,,400484,21434712,MAIN,2506410,,,,,,,,,7062656,qualitative,,5995389,,,In Vivo (Animal models),,,,,,,,,,,,,,,,,,,,,,,,,,ND,,,,,,,,,2018/11/15,,,2018/11/22,
52529358,,400484,21434713,MAIN,2506609,,,,,,,,,7062656,qualitative,,5995389,,,In Vivo (Animal models),,,,,,,,,,,,,,,,,,,,,,,,,,ND,,,,,,,,,2018/11/15,,,2018/11/22,
52529359,,400484,21434714,MAIN,2506628,,,,,,,,,7062656,qualitative,,5995389,,,In Vivo (Animal models),,,,,,,,,,,,,,,,,,,,,,,,,,ND,,,,,,,,,2018/11/15,,,2018/11/22,
52529360,,400484,21434715,MAIN,2506866,,,,,,,,,7062656,qualitative,,5995389,,,In Vivo (Animal models),,,,,,,,,,,,,,,,,,,,,,,,,,ND,,,,,,,,,2018/11/15,,,2018/11/22,
52529361,,400484,21434716,MAIN,2506957,,,,,,,,,7062656,qualitative,,5995389,,,In Vivo (Animal models),,,,,,,,,,,,,,,,,,,,,,,,,,ND,,,,,,,,,2018/11/15,,,2018/11/22,
52529362,,400484,21434717,MAIN,2507429,,,,,,,,,7062656,qualitative,,5995389,,,In Vivo (Animal models),,,,,,,,,,,,,,,,,,,,,,,,,,ND,,,,,,,,,2018/11/15,,,2018/11/22,
52529363,,400484,21434718,MAIN,2507469,,,,,,,,,7062656,qualitative,,5995389,,,In Vivo (Animal models),,,,,,,,,,,,,,,,,,,,,,,,,,ND,,,,,,,,,2018/11/15,,,2018/11/22,
52529364,,400484,21434719,MAIN,2508622,,,,,,,,,7062656,qualitative,,5995389,,,In Vivo (Animal models),,,,,,,,,,,,,,,,,,,,,,,,,,ND,,,,,,,,,2018/11/15,,,2018/11/22,
52529365,,400484,21434720,MAIN,2509108,,,,,,,,,7062656,qualitative,,5995389,,,In Vivo (Animal models),,,,,,,,,,,,,,,,,,,,,,,,,,ND,,,,,,,,,2018/11/15,,,2018/11/22,
52529366,,400484,21434721,MAIN,2512530,,,,,,,,,7062656,qualitative,,5995389,,,In Vivo (Animal models),,,,,,,,,,,,,,,,,,,,,,,,,,ND,,,,,,,,,2018/11/15,,,2018/11/22,
52529367,,400484,21434706,MAIN,2480898,,,,,,,,,7062656,qualitative,,5995389,,,In Vivo (Animal models),,,,,,,,,,,,,,,,,,,,,,,,,,ND,,,,,,,,,2018/11/15,,,2018/11/22,
52529368,,4069012,21434723,MAIN,4063704,,,,,,,,,7168078,qualitative,,6088971,,,In Vivo (Animal models),,,,,,,,,,,,,,,,,,,,,,,,,,ND,,,,,,,,,2018/11/15,,,2018/11/22,
52529369,,4069012,21434722,MAIN,4061371,,,,,,,,,7168078,qualitative,,6088971,,,In Vivo (Animal models),,,,,,,,,,,,,,,,,,,,,,,,,,ND,,,,,,,,,2018/11/15,,,2018/11/22,
52529370,,4844085,21434724,MAIN,2642986,,,,,,,,,7107538,qualitative,,6033731,,,In Vivo (Animal models),,,,,,,,,,,,,,,,,,,,,,,,,,ND,,,,,,,,,2018/11/15,,,2018/11/22,
52529371,,4844085,21434725,MAIN,2646072,,,,,,,,,7107538,qualitative,,6033731,,,In Vivo (Animal models),,,,,,,,,,,,,,,,,,,,,,,,,,ND,,,,,,,,,2018/11/15,,,2018/11/22,
52529372,,4844085,21434729,MAIN,2657879,,,,,,,,,7107538,qualitative,,6033731,,,In Vivo (Animal models),,,,,,,,,,,,,,,,,,,,,,,,,,ND,,,,,,,,,2018/11/15,,,2018/11/22,
52529373,,4844085,21434727,MAIN,2651798,,,,,,,,,7107538,qualitative,,6033731,,,In Vivo (Animal models),,,,,,,,,,,,,,,,,,,,,,,,,,ND,,,,,,,,,2018/11/15,,,2018/11/22,
52529374,,4844085,21434728,MAIN,2651799,,,,,,,,,7107538,qualitative,,6033731,,,In Vivo (Animal models),,,,,,,,,,,,,,,,,,,,,,,,,,ND,,,,,,,,,2018/11/15,,,2018/11/22,
52529375,,4844085,21434726,MAIN,2648879,,,,,,,,,7107538,qualitative,,6033731,,,In Vivo (Animal models),,,,,,,,,,,,,,,,,,,,,,,,,,ND,,,,,,,,,2018/11/15,,,2018/11/22,
52529376,,4069317,21434731,MAIN,2835270,,,,,,,,,7107529,qualitative,,6033722,,,In Vivo (Animal models),,,,,,,,,,,,,,,,,,,,,,,,,,ND,,,,,,,,,2018/11/15,,,2018/11/22,
52529377,,4069317,21434730,MAIN,2719289,,,,,,,,,7107529,qualitative,,6033722,,,In Vivo (Animal models),,,,,,,,,,,,,,,,,,,,,,,,,,ND,,,,,,,,,2018/11/15,,,2018/11/22,
52529378,,4200945,21434732,MAIN,2908161,,,,,,,,,7107536,qualitative,,6033729,,,In Vivo (Animal models),,,,,,,,,,,,,,,,,,,,,,,,,,ND,,,,,,,,,2018/11/15,,,2018/11/22,
52529379,,29463,21434733,MAIN,2853556,,,,,,,,,7168098,qualitative,,6088991,,,In Vivo (Animal models),,,,,,,,,,,,,,,,,,,,,,,,,,ND,,,,,,,,,2018/11/15,,,2018/11/22,
52529380,,4082322,21434734,MAIN,4043197,,,,,,,,,7168118,qualitative,,6089011,,,In Vivo (Animal models),,,,,,,,,,,,,,,,,,,,,,,,,,ND,,,,,,,,,2018/11/15,,,2018/11/22,
52529381,,4082322,21434736,MAIN,4047971,,,,,,,,,7168118,qualitative,,6089011,,,In Vivo (Animal models),,,,,,,,,,,,,,,,,,,,,,,,,,ND,,,,,,,,,2018/11/15,,,2018/11/22,
52529382,,4082322,21434735,MAIN,4045144,,,,,,,,,7168118,qualitative,,6089011,,,In Vivo (Animal models),,,,,,,,,,,,,,,,,,,,,,,,,,ND,,,,,,,,,2018/11/15,,,2018/11/22,
52529395,,4109984,21434749,MAIN,2148802,,,,,,,,,7168138,qualitative,,6089031,,,In Vivo (Animal models),,,,,,,,,,,,,,,,,,,,,,,,,,ND,,,,,,,,,2018/11/15,,,2018/11/22,
52529396,,4109984,21434752,MAIN,3074107,,,,,,,,,7168138,qualitative,,6089031,,,In Vivo (Animal models),,,,,,,,,,,,,,,,,,,,,,,,,,ND,,,,,,,,,2018/11/15,,,2018/11/22,
52529397,,4109984,21434751,MAIN,3064227,,,,,,,,,7168138,qualitative,,6089031,,,In Vivo (Animal models),,,,,,,,,,,,,,,,,,,,,,,,,,ND,,,,,,,,,2018/11/15,,,2018/11/22,
52529398,,4109984,21434750,MAIN,2187461,,,,,,,,,7168138,qualitative,,6089031,,,In Vivo (Animal models),,,,,,,,,,,,,,,,,,,,,,,,,,ND,,,,,,,,,2018/11/15,,,2018/11/22,
52529399,,4110068,21434754,MAIN,3066690,,,,,,,,,7168139,qualitative,,6089032,,,In Vivo (Animal models),,,,,,,,,,,,,,,,,,,,,,,,,,ND,,,,,,,,,2018/11/15,,,2018/11/22,
52529400,,4110068,21434753,MAIN,2776506,,,,,,,,,7168139,qualitative,,6089032,,,In Vivo (Animal models),,,,,,,,,,,,,,,,,,,,,,,,,,ND,,,,,,,,,2018/11/15,,,2018/11/22,
52529401,,2849186,21434756,MAIN,834579,,,,,,,,,7168140,qualitative,,6089033,,,In Vivo (Animal models),,,,,,,,,,,,,,,,,,,,,,,,,,ND,,,,,,,,,2018/11/15,,,2018/11/22,
52529402,,2849186,21434755,MAIN,16807374,,,,,,,,,7168140,qualitative,,6089033,,,In Vivo (Animal models),,,,,,,,,,,,,,,,,,,,,,,,,,ND,,,,,,,,,2018/11/15,,,2018/11/22,
52529403,,2849186,21434758,MAIN,839904,,,,,,,,,7168140,qualitative,,6089033,,,In Vivo (Animal models),,,,,,,,,,,,,,,,,,,,,,,,,,ND,,,,,,,,,2018/11/15,,,2018/11/22,
52529404,,2849186,21434757,MAIN,838345,,,,,,,,,7168140,qualitative,,6089033,,,In Vivo (Animal models),,,,,,,,,,,,,,,,,,,,,,,,,,ND,,,,,,,,,2018/11/15,,,2018/11/22,
52529405,,2869669,21434760,MAIN,16797724,,,,,,,,,7168141,qualitative,,6089034,,,In Vivo (Animal models),,,,,,,,,,,,,,,,,,,,,,,,,,ND,,,,,,,,,2018/11/15,,,2018/11/22,
52529406,,2869669,21434761,MAIN,16798248,,,,,,,,,7168141,qualitative,,6089034,,,In Vivo (Animal models),,,,,,,,,,,,,,,,,,,,,,,,,,ND,,,,,,,,,2018/11/15,,,2018/11/22,
52529407,,2869669,21434762,MAIN,16798269,,,,,,,,,7168141,qualitative,,6089034,,,In Vivo (Animal models),,,,,,,,,,,,,,,,,,,,,,,,,,ND,,,,,,,,,2018/11/15,,,2018/11/22,
52529408,,2869669,21434759,MAIN,1215303,,,,,,,,,7168141,qualitative,,6089034,,,In Vivo (Animal models),,,,,,,,,,,,,,,,,,,,,,,,,,ND,,,,,,,,,2018/11/15,,,2018/11/22,
52529409,,2869669,21434763,MAIN,16798339,,,,,,,,,7168141,qualitative,,6089034,,,In Vivo (Animal models),,,,,,,,,,,,,,,,,,,,,,,,,,ND,,,,,,,,,2018/11/15,,,2018/11/22,
52529410,,2869669,21434770,MAIN,16802346,,,,,,,,,7168141,qualitative,,6089034,,,In Vivo (Animal models),,,,,,,,,,,,,,,,,,,,,,,,,,ND,,,,,,,,,2018/11/15,,,2018/11/22,
52529411,,2869669,21434765,MAIN,16798436,,,,,,,,,7168141,qualitative,,6089034,,,In Vivo (Animal models),,,,,,,,,,,,,,,,,,,,,,,,,,ND,,,,,,,,,2018/11/15,,,2018/11/22,
52529412,,2869669,21434766,MAIN,16798439,,,,,,,,,7168141,qualitative,,6089034,,,In Vivo (Animal models),,,,,,,,,,,,,,,,,,,,,,,,,,ND,,,,,,,,,2018/11/15,,,2018/11/22,
52529413,,2869669,21434767,MAIN,16798440,,,,,,,,,7168141,qualitative,,6089034,,,In Vivo (Animal models),,,,,,,,,,,,,,,,,,,,,,,,,,ND,,,,,,,,,2018/11/15,,,2018/11/22,
52529414,,2869669,21434768,MAIN,16798733,,,,,,,,,7168141,qualitative,,6089034,,,In Vivo (Animal models),,,,,,,,,,,,,,,,,,,,,,,,,,ND,,,,,,,,,2018/11/15,,,2018/11/22,
52529415,,2869669,21434769,MAIN,16798736,,,,,,,,,7168141,qualitative,,6089034,,,In Vivo (Animal models),,,,,,,,,,,,,,,,,,,,,,,,,,ND,,,,,,,,,2018/11/15,,,2018/11/22,
52529416,,2869669,21434764,MAIN,16798340,,,,,,,,,7168141,qualitative,,6089034,,,In Vivo (Animal models),,,,,,,,,,,,,,,,,,,,,,,,,,ND,,,,,,,,,2018/11/15,,,2018/11/22,
52529417,,3508446,21434771,MAIN,1487260,,,,,,,,,7168142,qualitative,,6089035,,,In Vivo (Animal models),,,,,,,,,,,,,,,,,,,,,,,,,,ND,,,,,,,,,2018/11/16,,,2018/11/22,
52529418,,3508446,21434773,MAIN,1553045,,,,,,,,,7168142,qualitative,,6089035,,,In Vivo (Animal models),,,,,,,,,,,,,,,,,,,,,,,,,,ND,,,,,,,,,2018/11/16,,,2018/11/22,
52529419,,3508446,21434772,MAIN,1544387,,,,,,,,,7168142,qualitative,,6089035,,,In Vivo (Animal models),,,,,,,,,,,,,,,,,,,,,,,,,,ND,,,,,,,,,2018/11/16,,,2018/11/22,
52529420,,2640325,21434782,MAIN,786652,,,,,,,,,7168143,qualitative,,6089036,,,In Vivo (Animal models),,,,,,,,,,,,,,,,,,,,,,,,,,ND,,,,,,,,,2018/11/16,,,2018/11/22,
52529421,,2640325,21434777,MAIN,16798154,,,,,,,,,7168143,qualitative,,6089036,,,In Vivo (Animal models),,,,,,,,,,,,,,,,,,,,,,,,,,ND,,,,,,,,,2018/11/16,,,2018/11/22,
52529422,,2640325,21434778,MAIN,16798504,,,,,,,,,7168143,qualitative,,6089036,,,In Vivo (Animal models),,,,,,,,,,,,,,,,,,,,,,,,,,ND,,,,,,,,,2018/11/16,,,2018/11/22,
52529423,,2640325,21434779,MAIN,16798558,,,,,,,,,7168143,qualitative,,6089036,,,In Vivo (Animal models),,,,,,,,,,,,,,,,,,,,,,,,,,ND,,,,,,,,,2018/11/16,,,2018/11/22,
52529424,,2640325,21434780,MAIN,16805588,,,,,,,,,7168143,qualitative,,6089036,,,In Vivo (Animal models),,,,,,,,,,,,,,,,,,,,,,,,,,ND,,,,,,,,,2018/11/16,,,2018/11/22,
52529425,,2640325,21434776,MAIN,1481621,,,,,,,,,7168143,qualitative,,6089036,,,In Vivo (Animal models),,,,,,,,,,,,,,,,,,,,,,,,,,ND,,,,,,,,,2018/11/16,,,2018/11/22,
52529426,,2640325,21434775,MAIN,1478077,,,,,,,,,7168143,qualitative,,6089036,,,In Vivo (Animal models),,,,,,,,,,,,,,,,,,,,,,,,,,ND,,,,,,,,,2018/11/16,,,2018/11/22,
52529427,,2640325,21434781,MAIN,558600,,,,,,,,,7168143,qualitative,,6089036,,,In Vivo (Animal models),,,,,,,,,,,,,,,,,,,,,,,,,,ND,,,,,,,,,2018/11/16,,,2018/11/22,
52529428,,2640325,21434774,MAIN,1011876,,,,,,,,,7168143,qualitative,,6089036,,,In Vivo (Animal models),,,,,,,,,,,,,,,,,,,,,,,,,,ND,,,,,,,,,2018/11/16,,,2018/11/22,
52529429,,3968160,21434783,MAIN,16766969,,,,,,,,,7168144,qualitative,,6089037,,,In Vivo (Animal models),,,,,,,,,,,,,,,,,,,,,,,,,,ND,,,,,,,,,2018/11/16,,,2018/11/22,
52529430,,3968160,21434784,MAIN,16832543,,,,,,,,,7168144,qualitative,,6089037,,,In Vivo (Animal models),,,,,,,,,,,,,,,,,,,,,,,,,,ND,,,,,,,,,2018/11/16,,,2018/11/22,
52529431,,3968160,21434787,MAIN,16882143,,,,,,,,,7168144,qualitative,,6089037,,,In Vivo (Animal models),,,,,,,,,,,,,,,,,,,,,,,,,,ND,,,,,,,,,2018/11/16,,,2018/11/22,
52529432,,3968160,21434786,MAIN,16882033,,,,,,,,,7168144,qualitative,,6089037,,,In Vivo (Animal models),,,,,,,,,,,,,,,,,,,,,,,,,,ND,,,,,,,,,2018/11/16,,,2018/11/22,
52529433,,3968160,21434785,MAIN,16832779,,,,,,,,,7168144,qualitative,,6089037,,,In Vivo (Animal models),,,,,,,,,,,,,,,,,,,,,,,,,,ND,,,,,,,,,2018/11/16,,,2018/11/22,
52529434,,4390933,21434788,MAIN,16797745,,,,,,,,,7168145,qualitative,,6089038,,,In Vivo (Animal models),,,,,,,,,,,,,,,,,,,,,,,,,,ND,,,,,,,,,2018/11/16,,,2018/11/22,
52529435,,4390933,21434789,MAIN,16797931,,,,,,,,,7168145,qualitative,,6089038,,,In Vivo (Animal models),,,,,,,,,,,,,,,,,,,,,,,,,,ND,,,,,,,,,2018/11/16,,,2018/11/22,
52529436,,4390933,21434790,MAIN,16797932,,,,,,,,,7168145,qualitative,,6089038,,,In Vivo (Animal models),,,,,,,,,,,,,,,,,,,,,,,,,,ND,,,,,,,,,2018/11/16,,,2018/11/22,
52529437,,4390933,21434794,MAIN,16798563,,,,,,,,,7168145,qualitative,,6089038,,,In Vivo (Animal models),,,,,,,,,,,,,,,,,,,,,,,,,,ND,,,,,,,,,2018/11/16,,,2018/11/22,
52529438,,4390933,21434792,MAIN,16798321,,,,,,,,,7168145,qualitative,,6089038,,,In Vivo (Animal models),,,,,,,,,,,,,,,,,,,,,,,,,,ND,,,,,,,,,2018/11/16,,,2018/11/22,
52529439,,4390933,21434793,MAIN,16798334,,,,,,,,,7168145,qualitative,,6089038,,,In Vivo (Animal models),,,,,,,,,,,,,,,,,,,,,,,,,,ND,,,,,,,,,2018/11/16,,,2018/11/22,
52529440,,4390933,21434791,MAIN,16798006,,,,,,,,,7168145,qualitative,,6089038,,,In Vivo (Animal models),,,,,,,,,,,,,,,,,,,,,,,,,,ND,,,,,,,,,2018/11/16,,,2018/11/22,
52529441,,2732014,21434800,MAIN,793153,,,,,,,,,7168146,qualitative,,6089039,,,In Vivo (Animal models),,,,,,,,,,,,,,,,,,,,,,,,,,ND,,,,,,,,,2018/11/16,,,2018/11/22,
52529442,,2732014,21434797,MAIN,665926,,,,,,,,,7168146,qualitative,,6089039,,,In Vivo (Animal models),,,,,,,,,,,,,,,,,,,,,,,,,,ND,,,,,,,,,2018/11/16,,,2018/11/22,
52529443,,2732014,21434798,MAIN,671791,,,,,,,,,7168146,qualitative,,6089039,,,In Vivo (Animal models),,,,,,,,,,,,,,,,,,,,,,,,,,ND,,,,,,,,,2018/11/16,,,2018/11/22,
52529444,,2732014,21434796,MAIN,16803220,,,,,,,,,7168146,qualitative,,6089039,,,In Vivo (Animal models),,,,,,,,,,,,,,,,,,,,,,,,,,ND,,,,,,,,,2018/11/16,,,2018/11/22,
52529445,,2732014,21434801,MAIN,808288,,,,,,,,,7168146,qualitative,,6089039,,,In Vivo (Animal models),,,,,,,,,,,,,,,,,,,,,,,,,,ND,,,,,,,,,2018/11/16,,,2018/11/22,
52529446,,2732014,21434795,MAIN,16798735,,,,,,,,,7168146,qualitative,,6089039,,,In Vivo (Animal models),,,,,,,,,,,,,,,,,,,,,,,,,,ND,,,,,,,,,2018/11/16,,,2018/11/22,
52529447,,2732014,21434802,MAIN,929220,,,,,,,,,7168146,qualitative,,6089039,,,In Vivo (Animal models),,,,,,,,,,,,,,,,,,,,,,,,,,ND,,,,,,,,,2018/11/16,,,2018/11/22,
52529448,,2732014,21434799,MAIN,686622,,,,,,,,,7168146,qualitative,,6089039,,,In Vivo (Animal models),,,,,,,,,,,,,,,,,,,,,,,,,,ND,,,,,,,,,2018/11/16,,,2018/11/22,
52529449,,3021930,21434804,MAIN,16797629,,,,,,,,,7168147,qualitative,,6089040,,,In Vivo (Animal models),,,,,,,,,,,,,,,,,,,,,,,,,,ND,,,,,,,,,2018/11/16,,,2018/11/22,
52529450,,3021930,21434805,MAIN,16797869,,,,,,,,,7168147,qualitative,,6089040,,,In Vivo (Animal models),,,,,,,,,,,,,,,,,,,,,,,,,,ND,,,,,,,,,2018/11/16,,,2018/11/22,
52529451,,3021930,21434803,MAIN,1634860,,,,,,,,,7168147,qualitative,,6089040,,,In Vivo (Animal models),,,,,,,,,,,,,,,,,,,,,,,,,,ND,,,,,,,,,2018/11/16,,,2018/11/22,
52529452,,62501577,21434810,MAIN,24500756,Exp5,,,,,,,,7168148,IC50,,6089041,Enzymology inhibition,Enzymology,In Vitro (Efficacy),,,,,,1806738,,,plasma,,human,3844634,,Renin [human],human,Wild,Renin [human]:Wild,Renin [human]:Wild,Renin [human],Target,Non Transfected,human,,,,,10,,nM,8,result normalized in M; pAur = -log(value),,,,2018/11/16,Renin [human],,2020/03/17,
52529453,,62501577,21434812,MAIN,24500758,Exp7L55,,,,,,,,7168148,IC50,,6089041,Enzymology inhibition,Enzymology,In Vitro (Efficacy),,,,,,1806738,,,plasma,,human,3844634,,Renin [human],human,Wild,Renin [human]:Wild,Renin [human]:Wild,Renin [human],Target,Non Transfected,human,,,,,29,,nM,7.54,result normalized in M; pAur = -log(value),,,,2018/11/16,Renin [human],,2020/03/17,
52529454,,62501577,21434813,MAIN,24500970,Exp7L50,,,,,,,,7168148,IC50,,6089041,Enzymology inhibition,Enzymology,In Vitro (Efficacy),,,,,,1806738,,,plasma,,human,3844634,,Renin [human],human,Wild,Renin [human]:Wild,Renin [human]:Wild,Renin [human],Target,Non Transfected,human,,,,,30,,nM,7.52,result normalized in M; pAur = -log(value),,,,2018/11/16,Renin [human],,2020/03/17,
52529455,,62501577,21434811,MAIN,24500757,Exp6,,,,,,,,7168148,IC50,,6089041,Enzymology inhibition,Enzymology,In Vitro (Efficacy),,,,,,1806738,,,plasma,,human,3844634,,Renin [human],human,Wild,Renin [human]:Wild,Renin [human]:Wild,Renin [human],Target,Non Transfected,human,,,,,43,,nM,7.37,result normalized in M; pAur = -log(value),,,,2018/11/16,Renin [human],,2020/03/17,
52529456,,62501577,21434809,MAIN,24500755,Exp4,,,,,,,,7168148,IC50,,6089041,Enzymology inhibition,Enzymology,In Vitro (Efficacy),,,,,,1806738,,,plasma,,human,3844634,,Renin [human],human,Wild,Renin [human]:Wild,Renin [human]:Wild,Renin [human],Target,Non Transfected,human,,,,,5,,nM,8.3,result normalized in M; pAur = -log(value),,,,2018/11/16,Renin [human],,2020/03/17,
52529475,,670359,21434829,MAIN,16729536,,,,,,,,,7168158,qualitative,,6089051,,,In Vivo (Animal models),,,,,,,,,,,,,,,,,,,,,,,,,,ND,,,,,,,,,2018/11/16,,,2018/11/22,
52529476,,670359,21434830,MAIN,16949634,,,,,,,,,7168158,qualitative,,6089051,,,In Vivo (Animal models),,,,,,,,,,,,,,,,,,,,,,,,,,ND,,,,,,,,,2018/11/16,,,2018/11/22,
52529477,,670359,21434834,MAIN,16958776,,,,,,,,,7168158,qualitative,,6089051,,,In Vivo (Animal models),,,,,,,,,,,,,,,,,,,,,,,,,,ND,,,,,,,,,2018/11/16,,,2018/11/22,
52529478,,670359,21434832,MAIN,16955885,,,,,,,,,7168158,qualitative,,6089051,,,In Vivo (Animal models),,,,,,,,,,,,,,,,,,,,,,,,,,ND,,,,,,,,,2018/11/16,,,2018/11/22,
52529479,,670359,21434833,MAIN,16957535,,,,,,,,,7168158,qualitative,,6089051,,,In Vivo (Animal models),,,,,,,,,,,,,,,,,,,,,,,,,,ND,,,,,,,,,2018/11/16,,,2018/11/22,
52529480,,670359,21434831,MAIN,16950652,,,,,,,,,7168158,qualitative,,6089051,,,In Vivo (Animal models),,,,,,,,,,,,,,,,,,,,,,,,,,ND,,,,,,,,,2018/11/16,,,2018/11/22,
52529481,,2670976,21434835,MAIN,15970942,,,,,,,,,7168178,qualitative,,6089071,,,In Vivo (Animal models),,,,,,,,,,,,,,,,,,,,,,,,,,ND,,,,,,,,,2018/11/16,,,2018/11/22,
52529482,,2670976,21434836,MAIN,15971410,,,,,,,,,7168178,qualitative,,6089071,,,In Vivo (Animal models),,,,,,,,,,,,,,,,,,,,,,,,,,ND,,,,,,,,,2018/11/16,,,2018/11/22,
52529483,,2670976,21434837,MAIN,15971720,,,,,,,,,7168178,qualitative,,6089071,,,In Vivo (Animal models),,,,,,,,,,,,,,,,,,,,,,,,,,ND,,,,,,,,,2018/11/16,,,2018/11/22,
52529484,,2670976,21434838,MAIN,15971929,,,,,,,,,7168178,qualitative,,6089071,,,In Vivo (Animal models),,,,,,,,,,,,,,,,,,,,,,,,,,ND,,,,,,,,,2018/11/16,,,2018/11/22,
52529485,,2670976,21434839,MAIN,15972136,,,,,,,,,7168178,qualitative,,6089071,,,In Vivo (Animal models),,,,,,,,,,,,,,,,,,,,,,,,,,ND,,,,,,,,,2018/11/16,,,2018/11/22,
52529486,,2670976,21434845,MAIN,18092446,,,,,,,,,7168178,qualitative,,6089071,,,In Vivo (Animal models),,,,,,,,,,,,,,,,,,,,,,,,,,ND,,,,,,,,,2018/11/16,,,2018/11/22,
52529487,,2670976,21434841,MAIN,15972717,,,,,,,,,7168178,qualitative,,6089071,,,In Vivo (Animal models),,,,,,,,,,,,,,,,,,,,,,,,,,ND,,,,,,,,,2018/11/16,,,2018/11/22,
52529488,,2670976,21434842,MAIN,15973400,,,,,,,,,7168178,qualitative,,6089071,,,In Vivo (Animal models),,,,,,,,,,,,,,,,,,,,,,,,,,ND,,,,,,,,,2018/11/16,,,2018/11/22,
52529489,,2670976,21434843,MAIN,18090621,,,,,,,,,7168178,qualitative,,6089071,,,In Vivo (Animal models),,,,,,,,,,,,,,,,,,,,,,,,,,ND,,,,,,,,,2018/11/16,,,2018/11/22,
52529490,,2670976,21434844,MAIN,18091179,,,,,,,,,7168178,qualitative,,6089071,,,In Vivo (Animal models),,,,,,,,,,,,,,,,,,,,,,,,,,ND,,,,,,,,,2018/11/16,,,2018/11/22,
52529491,,2670976,21434840,MAIN,15972676,,,,,,,,,7168178,qualitative,,6089071,,,In Vivo (Animal models),,,,,,,,,,,,,,,,,,,,,,,,,,ND,,,,,,,,,2018/11/16,,,2018/11/22,
52529492,,5039753,21434846,MAIN,3996924,,,,,,,,,7168179,qualitative,,6089072,,,In Vivo (Animal models),,,,,,,,,,,,,,,,,,,,,,,,,,ND,,,,,,,,,2018/11/16,,,2018/11/22,
52529493,,5039753,21434847,MAIN,4017373,,,,,,,,,7168179,qualitative,,6089072,,,In Vivo (Animal models),,,,,,,,,,,,,,,,,,,,,,,,,,ND,,,,,,,,,2018/11/16,,,2018/11/22,
52529494,,3475958,21434849,MAIN,3973295,,,,,,,,,7168180,qualitative,,6089073,,,In Vivo (Animal models),,,,,,,,,,,,,,,,,,,,,,,,,,ND,,,,,,,,,2018/11/16,,,2018/11/22,
52529495,,3475958,21434850,MAIN,4006652,,,,,,,,,7168180,qualitative,,6089073,,,In Vivo (Animal models),,,,,,,,,,,,,,,,,,,,,,,,,,ND,,,,,,,,,2018/11/16,,,2018/11/22,
52529496,,3475958,21434848,MAIN,3964699,,,,,,,,,7168180,qualitative,,6089073,,,In Vivo (Animal models),,,,,,,,,,,,,,,,,,,,,,,,,,ND,,,,,,,,,2018/11/16,,,2018/11/22,
52529497,,3475958,21434851,MAIN,4011595,,,,,,,,,7168180,qualitative,,6089073,,,In Vivo (Animal models),,,,,,,,,,,,,,,,,,,,,,,,,,ND,,,,,,,,,2018/11/16,,,2018/11/22,
52529498,,5045289,21434854,MAIN,17092317,,,,,,,,,7168181,qualitative,,6089074,,,In Vivo (Animal models),,,,,,,,,,,,,,,,,,,,,,,,,,ND,,,,,,,,,2018/11/16,,,2018/11/22,
52529499,,5045289,21434856,MAIN,3962114,,,,,,,,,7168181,qualitative,,6089074,,,In Vivo (Animal models),,,,,,,,,,,,,,,,,,,,,,,,,,ND,,,,,,,,,2018/11/16,,,2018/11/22,
52529500,,5045289,21434853,MAIN,17069829,,,,,,,,,7168181,qualitative,,6089074,,,In Vivo (Animal models),,,,,,,,,,,,,,,,,,,,,,,,,,ND,,,,,,,,,2018/11/16,,,2018/11/22,
52529501,,5045289,21434855,MAIN,17093610,,,,,,,,,7168181,qualitative,,6089074,,,In Vivo (Animal models),,,,,,,,,,,,,,,,,,,,,,,,,,ND,,,,,,,,,2018/11/16,,,2018/11/22,
52529502,,5045289,21434852,MAIN,17069781,,,,,,,,,7168181,qualitative,,6089074,,,In Vivo (Animal models),,,,,,,,,,,,,,,,,,,,,,,,,,ND,,,,,,,,,2018/11/16,,,2018/11/22,
52529503,,7683754,21434857,MAIN,15972759,,,,,,,,,7168182,qualitative,,6089075,,,In Vivo (Animal models),,,,,,,,,,,,,,,,,,,,,,,,,,ND,,,,,,,,,2018/11/16,,,2018/11/22,
52529504,,2671043,21434858,MAIN,15970942,,,,,,,,,7168183,qualitative,,6089076,,,In Vivo (Animal models),,,,,,,,,,,,,,,,,,,,,,,,,,ND,,,,,,,,,2018/11/16,,,2018/11/22,
52529505,,2671043,21434859,MAIN,15971410,,,,,,,,,7168183,qualitative,,6089076,,,In Vivo (Animal models),,,,,,,,,,,,,,,,,,,,,,,,,,ND,,,,,,,,,2018/11/16,,,2018/11/22,
52529506,,2671043,21434860,MAIN,15971720,,,,,,,,,7168183,qualitative,,6089076,,,In Vivo (Animal models),,,,,,,,,,,,,,,,,,,,,,,,,,ND,,,,,,,,,2018/11/16,,,2018/11/22,
52529507,,2671043,21434861,MAIN,15971929,,,,,,,,,7168183,qualitative,,6089076,,,In Vivo (Animal models),,,,,,,,,,,,,,,,,,,,,,,,,,ND,,,,,,,,,2018/11/16,,,2018/11/22,
52529508,,2671043,21434862,MAIN,15972136,,,,,,,,,7168183,qualitative,,6089076,,,In Vivo (Animal models),,,,,,,,,,,,,,,,,,,,,,,,,,ND,,,,,,,,,2018/11/16,,,2018/11/22,
52529509,,2671043,21434868,MAIN,18092446,,,,,,,,,7168183,qualitative,,6089076,,,In Vivo (Animal models),,,,,,,,,,,,,,,,,,,,,,,,,,ND,,,,,,,,,2018/11/16,,,2018/11/22,
52529510,,2671043,21434864,MAIN,15972717,,,,,,,,,7168183,qualitative,,6089076,,,In Vivo (Animal models),,,,,,,,,,,,,,,,,,,,,,,,,,ND,,,,,,,,,2018/11/16,,,2018/11/22,
52529511,,2671043,21434865,MAIN,15973400,,,,,,,,,7168183,qualitative,,6089076,,,In Vivo (Animal models),,,,,,,,,,,,,,,,,,,,,,,,,,ND,,,,,,,,,2018/11/16,,,2018/11/22,
52529512,,2671043,21434866,MAIN,18090621,,,,,,,,,7168183,qualitative,,6089076,,,In Vivo (Animal models),,,,,,,,,,,,,,,,,,,,,,,,,,ND,,,,,,,,,2018/11/16,,,2018/11/22,
52529513,,2671043,21434867,MAIN,18091179,,,,,,,,,7168183,qualitative,,6089076,,,In Vivo (Animal models),,,,,,,,,,,,,,,,,,,,,,,,,,ND,,,,,,,,,2018/11/16,,,2018/11/22,
52529514,,2671043,21434863,MAIN,15972676,,,,,,,,,7168183,qualitative,,6089076,,,In Vivo (Animal models),,,,,,,,,,,,,,,,,,,,,,,,,,ND,,,,,,,,,2018/11/16,,,2018/11/22,
52529515,,7784784,21434869,MAIN,17097175,,,,,,,,,7121725,qualitative,,6046131,,,In Vivo (Animal models),,,,,,,,,,,,,,,,,,,,,,,,,,ND,,,,,,,,,2018/11/16,,,2018/11/22,
52529516,,7784784,21434870,MAIN,4137973,,,,,,,,,7121725,qualitative,,6046131,,,In Vivo (Animal models),,,,,,,,,,,,,,,,,,,,,,,,,,ND,,,,,,,,,2018/11/16,,,2018/11/22,
52529517,,5181287,21434871,MAIN,16904268,,,,,,,,,7168184,qualitative,,6089077,,,In Vivo (Animal models),,,,,,,,,,,,,,,,,,,,,,,,,,ND,,,,,,,,,2018/11/16,,,2018/11/22,
52529518,,5045289,21434873,MAIN,3971785,,,,,,,,,7168181,qualitative,,6089074,,,In Vivo (Animal models),,,,,,,,,,,,,,,,,,,,,,,,,,ND,,,,,,,,,2018/11/16,,,2018/11/22,
52529519,,5045289,21434872,MAIN,17102818,,,,,,,,,7168181,qualitative,,6089074,,,In Vivo (Animal models),,,,,,,,,,,,,,,,,,,,,,,,,,ND,,,,,,,,,2018/11/16,,,2018/11/22,
52529520,,7785461,21434874,MAIN,3704085,,,,,,,,,7121738,qualitative,,6046144,,,In Vivo (Animal models),,,,,,,,,,,,,,,,,,,,,,,,,,ND,,,,,,,,,2018/11/16,,,2018/11/22,
52529521,,4298624,21434875,MAIN,17091490,,,,,,,,,7168185,qualitative,,6089078,,,In Vivo (Animal models),,,,,,,,,,,,,,,,,,,,,,,,,,ND,,,,,,,,,2018/11/16,,,2018/11/22,
52529522,,5273336,21434878,MAIN,3077324,,,,,,,,,7168186,qualitative,,6089079,,,In Vivo (Animal models),,,,,,,,,,,,,,,,,,,,,,,,,,ND,,,,,,,,,2018/11/16,,,2018/11/22,
52529523,,5273336,21434879,MAIN,3078062,,,,,,,,,7168186,qualitative,,6089079,,,In Vivo (Animal models),,,,,,,,,,,,,,,,,,,,,,,,,,ND,,,,,,,,,2018/11/16,,,2018/11/22,
52529524,,5273336,21434876,MAIN,18091576,,,,,,,,,7168186,qualitative,,6089079,,,In Vivo (Animal models),,,,,,,,,,,,,,,,,,,,,,,,,,ND,,,,,,,,,2018/11/16,,,2018/11/22,
52529525,,5273336,21434877,MAIN,3077116,,,,,,,,,7168186,qualitative,,6089079,,,In Vivo (Animal models),,,,,,,,,,,,,,,,,,,,,,,,,,ND,,,,,,,,,2018/11/16,,,2018/11/22,
52529526,,7785518,21434880,MAIN,3984321,,,,,,,,,7121739,qualitative,,6046145,,,In Vivo (Animal models),,,,,,,,,,,,,,,,,,,,,,,,,,ND,,,,,,,,,2018/11/16,,,2018/11/22,
52529527,,3956858,21434882,MAIN,4155917,,,,,,,,,7168187,qualitative,,6089080,,,In Vivo (Animal models),,,,,,,,,,,,,,,,,,,,,,,,,,ND,,,,,,,,,2018/11/16,,,2018/11/22,
52529528,,3956858,21434881,MAIN,4064313,,,,,,,,,7168187,qualitative,,6089080,,,In Vivo (Animal models),,,,,,,,,,,,,,,,,,,,,,,,,,ND,,,,,,,,,2018/11/16,,,2018/11/22,
52529529,,4120672,21434884,MAIN,4152765,,,,,,,,,7168188,qualitative,,6089081,,,In Vivo (Animal models),,,,,,,,,,,,,,,,,,,,,,,,,,ND,,,,,,,,,2018/11/16,,,2018/11/22,
52529530,,4120672,21434883,MAIN,18090548,,,,,,,,,7168188,qualitative,,6089081,,,In Vivo (Animal models),,,,,,,,,,,,,,,,,,,,,,,,,,ND,,,,,,,,,2018/11/16,,,2018/11/22,
52529531,,3500744,21434885,MAIN,1541680,,,,,,,,,7168189,qualitative,,6089082,,,In Vivo (Animal models),,,,,,,,,,,,,,,,,,,,,,,,,,ND,,,,,,,,,2018/11/16,,,2018/11/22,
52529532,,3500744,21434886,MAIN,1547220,,,,,,,,,7168189,qualitative,,6089082,,,In Vivo (Animal models),,,,,,,,,,,,,,,,,,,,,,,,,,ND,,,,,,,,,2018/11/16,,,2018/11/22,
52529533,,2716332,21434887,MAIN,654827,,,,,,,,,7168190,qualitative,,6089083,,,In Vivo (Animal models),,,,,,,,,,,,,,,,,,,,,,,,,,ND,,,,,,,,,2018/11/16,,,2018/11/22,
52529534,,659887,21434888,MAIN,16522503,,,,,,,,,7168191,qualitative,,6089084,,,In Vivo (Animal models),,,,,,,,,,,,,,,,,,,,,,,,,,ND,,,,,,,,,2018/11/16,,,2018/11/22,
52529535,,1281621,21434889,MAIN,16521254,,,,,,,,,7168192,qualitative,,6089085,,,In Vivo (Animal models),,,,,,,,,,,,,,,,,,,,,,,,,,ND,,,,,,,,,2018/11/16,,,2018/11/22,
52529536,,7785461,21434891,MAIN,4125567,,,,,,,,,7121738,qualitative,,6046144,,,In Vivo (Animal models),,,,,,,,,,,,,,,,,,,,,,,,,,ND,,,,,,,,,2018/11/16,,,2018/11/22,
52529537,,7785461,21434890,MAIN,3913519,,,,,,,,,7121738,qualitative,,6046144,,,In Vivo (Animal models),,,,,,,,,,,,,,,,,,,,,,,,,,ND,,,,,,,,,2018/11/16,,,2018/11/22,
52529538,,7785687,21434892,MAIN,15968814,,,,,,,,,7121734,qualitative,,6046140,,,In Vivo (Animal models),,,,,,,,,,,,,,,,,,,,,,,,,,ND,,,,,,,,,2018/11/16,,,2018/11/22,
52529539,,5110519,21434893,MAIN,1027646,,,,,,,,,7168193,qualitative,,6089086,,,In Vivo (Animal models),,,,,,,,,,,,,,,,,,,,,,,,,,ND,,,,,,,,,2018/11/16,,,2018/11/22,
52529540,,4097828,21434894,MAIN,3966870,,,,,,,,,7168194,qualitative,,6089087,,,In Vivo (Animal models),,,,,,,,,,,,,,,,,,,,,,,,,,ND,,,,,,,,,2018/11/16,,,2018/11/22,
52529541,,7785569,21434896,MAIN,17092285,,,,,,,,,7168195,qualitative,,6089088,,,In Vivo (Animal models),,,,,,,,,,,,,,,,,,,,,,,,,,ND,,,,,,,,,2018/11/16,,,2018/11/22,
52529542,,7785569,21434899,MAIN,18090441,,,,,,,,,7168195,qualitative,,6089088,,,In Vivo (Animal models),,,,,,,,,,,,,,,,,,,,,,,,,,ND,,,,,,,,,2018/11/16,,,2018/11/22,
52529543,,7785569,21434898,MAIN,17099805,,,,,,,,,7168195,qualitative,,6089088,,,In Vivo (Animal models),,,,,,,,,,,,,,,,,,,,,,,,,,ND,,,,,,,,,2018/11/16,,,2018/11/22,
52529544,,7785569,21434897,MAIN,17097164,,,,,,,,,7168195,qualitative,,6089088,,,In Vivo (Animal models),,,,,,,,,,,,,,,,,,,,,,,,,,ND,,,,,,,,,2018/11/16,,,2018/11/22,
52529545,,7785569,21434895,MAIN,17069587,,,,,,,,,7168195,qualitative,,6089088,,,In Vivo (Animal models),,,,,,,,,,,,,,,,,,,,,,,,,,ND,,,,,,,,,2018/11/16,,,2018/11/22,
52529546,,7786178,21434900,MAIN,17096535,,,,,,,,,7121732,qualitative,,6046138,,,In Vivo (Animal models),,,,,,,,,,,,,,,,,,,,,,,,,,ND,,,,,,,,,2018/11/16,,,2018/11/22,
52529547,,4179199,21434901,MAIN,639172,,,,,,,,,7168196,qualitative,,6089089,,,In Vivo (Animal models),,,,,,,,,,,,,,,,,,,,,,,,,,ND,,,,,,,,,2018/11/16,,,2018/11/22,
52529548,,3500168,21434902,MAIN,1541680,,,,,,,,,7168197,qualitative,,6089090,,,In Vivo (Animal models),,,,,,,,,,,,,,,,,,,,,,,,,,ND,,,,,,,,,2018/11/16,,,2018/11/22,
52529549,,3500168,21434903,MAIN,1547220,,,,,,,,,7168197,qualitative,,6089090,,,In Vivo (Animal models),,,,,,,,,,,,,,,,,,,,,,,,,,ND,,,,,,,,,2018/11/16,,,2018/11/22,
52529550,,5045289,21434904,MAIN,3958111,,,,,,,,,7168181,qualitative,,6089074,,,In Vivo (Animal models),,,,,,,,,,,,,,,,,,,,,,,,,,ND,,,,,,,,,2018/11/16,,,2018/11/22,
52529551,,5039753,21434905,MAIN,3984321,,,,,,,,,7168179,qualitative,,6089072,,,In Vivo (Animal models),,,,,,,,,,,,,,,,,,,,,,,,,,ND,,,,,,,,,2018/11/16,,,2018/11/22,
52529552,,381125,21434908,MAIN,9186437,,,,,,,,,7168198,qualitative,,6089093,,Bacterial growth/proliferation/viability,In Vitro (Efficacy),,,,bactericidal,antibiotic agent,,,,,,,,,,,,,,,,,,,,title compound at 4. 1 micro;g/ml reduced growth rate of bacteria and reduced bacterial populations (figures),ND,,,,,,,,,2018/11/16,,,2018/11/22,
52529553,,381125,21434906,MAIN,10149185,,,,,,,,,7168198,qualitative,,6089093,,Bacterial growth/proliferation/viability,In Vitro (Efficacy),,,,bactericidal,antibiotic agent,,,,,,,,,,,,,,,,,,,,title compound at concentrations below 0.1 micro;g/ml reduced growth rate of bacteria and reduced bacterial populations by at least 4 log units (figures),ND,,,,,,,,,2018/11/16,,,2018/11/22,
52529554,,381125,21434907,MAIN,12665710,,,,,,,,,7168198,qualitative,,6089093,,Bacterial growth/proliferation/viability,In Vitro (Efficacy),,,,bactericidal,antibiotic agent,,,,,,,,,,,,,,,,,,,,,ND,,,,,,,,,2018/11/16,,,2018/11/22,
52529555,,381125,21434906,MAIN,10149185,,,,,,,,,7168199,qualitative,,6089094,,Bacterial growth/proliferation/viability,In Vitro (Efficacy),,,,bactericidal,antibiotic agent,,,,,,,,,,,,,,,,,,,,title compound at concentrations below 0.1 micro;g/ml reduced growth rate of bacteria and reduced bacterial populations by at least 4 log units (figures),ND,,,,,,,,,2018/11/16,,,2018/11/22,
52529556,,381125,21434907,MAIN,12665710,,,,,,,,,7168199,qualitative,,6089094,,Bacterial growth/proliferation/viability,In Vitro (Efficacy),,,,bactericidal,antibiotic agent,,,,,,,,,,,,,,,,,,,,,ND,,,,,,,,,2018/11/16,,,2018/11/22,
52529557,,381125,21434908,MAIN,9186437,,,,,,,,,7168199,qualitative,,6089094,,Bacterial growth/proliferation/viability,In Vitro (Efficacy),,,,bactericidal,antibiotic agent,,,,,,,,,,,,,,,,,,,,,ND,,,,,,,,,2018/11/16,,,2018/11/22,
52529558,,381125,21434908,MAIN,9186437,,,,,,,,,7168200,qualitative,,6089096,,Bacterial growth/proliferation/viability,In Vitro (Efficacy),,,,bactericidal,antibiotic agent,,,,,,,,,,,,,,,,,,,,title compound at 10 micro;g/mL reduced growth rate and at 50  micro;g/m completely inhibited growth of bacteria (figure),ND,,,,,,,,,2018/11/16,,,2018/11/22,
52529559,,381125,21434908,MAIN,9186437,,,,,,,,,7168201,qualitative,,6089092,,Bacterial growth/proliferation/viability,In Vitro (Efficacy),,,,bactericidal,antibiotic agent,,,,,,,,,,,,,,,,,,,,title compound at 1 micro;g/mL reduced growth rate and at 25  micro;g/m completely inhibited growth of bacteria (figure),ND,,,,,,,,,2018/11/16,,,2018/11/22,
52529560,,381125,21434906,MAIN,10149185,,,,,,,,,7168201,qualitative,,6089092,,Bacterial growth/proliferation/viability,In Vitro (Efficacy),,,,bactericidal,antibiotic agent,,,,,,,,,,,,,,,,,,,,title compound at 25 micro;g/mL reduced growth rate of bacteria (figure),ND,,,,,,,,,2018/11/16,,,2018/11/22,
52529561,,381125,21434907,MAIN,12665710,,,,,,,,,7168202,qualitative,,6089095,,,In Vitro (Efficacy),,,,bacterial populations; effect on,,,,,,,,,,,,,,,,,,,,,,ND,,,,,,,,,2018/11/16,,,2018/11/22,
52529562,,381125,21434907,MAIN,12665710,,,,,,,,,7168203,qualitative,,6089091,,,In Vitro (Efficacy),,,,bacterial populations; effect on,,,,,,,,,,,,,,,,,,,,,,ND,,,,,,,,,2018/11/16,,,2018/11/22,
52529563,,381125,21434908,MAIN,9186437,,,,,,,,,7168203,qualitative,,6089091,,,In Vitro (Efficacy),,,,bacterial populations; effect on,,,,,,,,,,,,,,,,,,,,,,ND,,,,,,,,,2018/11/16,,,2018/11/22,
52529564,,460327,21434910,MAIN,11325110,1358707,,,,,,,,7168204,qualitative,,6089097,In Vitro (others),In Vitro (others),In Vitro (Efficacy),,,,Bioassay :  Use example 4For evaluating control of green peach aphid (Myzus persicae) through systemic means the test unit consisted of 96-well-microtiter plates containing liquid artificial diet under an artificial membrane. The compounds or mixtures were formulated using a solution containing 75% water and 25%,insecticide,1806759,,,,,Myzus persicae,,,,,,,,,,,Myzus persicae,,,potential area of application: agro No effect,,,,,,,,,,2018/11/16,,,2018/11/22,
52529565,,460327,21434909,MAIN,11322053,2089003,,,,,,,,7168204,qualitative,,6089097,In Vitro (others),In Vitro (others),In Vitro (Efficacy),,,,Bioassay :  Use example 4For evaluating control of green peach aphid (Myzus persicae) through systemic means the test unit consisted of 96-well-microtiter plates containing liquid artificial diet under an artificial membrane. The compounds or mixtures were formulated using a solution containing 75% water and 25%,insecticide,1806759,,,,,Myzus persicae,,,,,,,,,,,Myzus persicae,,,potential area of application: agro No effect,,,,,,,,,,2018/11/16,,,2018/11/22,
52529566,,460327,21434912,MAIN,12830495,2364479,,,,,,,,7168204,qualitative,,6089097,In Vitro (others),In Vitro (others),In Vitro (Efficacy),,,,Bioassay :  Use example 4For evaluating control of green peach aphid (Myzus persicae) through systemic means the test unit consisted of 96-well-microtiter plates containing liquid artificial diet under an artificial membrane. The compounds or mixtures were formulated using a solution containing 75% water and 25%,insecticide,1806759,,,,,Myzus persicae,,,,,,,,,,,Myzus persicae,,,potential area of application: agro No effect,,,,,,,,,,2018/11/16,,,2018/11/22,
52529567,,460327,21434910,MAIN,11325110,1358707,,,,,,,,7168206,qualitative,,6089099,In Vitro (others),In Vitro (others),In Vitro (Efficacy),,,,Target : Megoura viciae vetch aphid,insecticide,,,,,,,,,,,,,,,,,,,,potential area of application: agro No effect,,,,,,,,,,2018/11/16,,,2018/11/22,
52529568,,460327,21434909,MAIN,11322053,2089003,,,,,,,,7168206,qualitative,,6089099,In Vitro (others),In Vitro (others),In Vitro (Efficacy),,,,Target : Megoura viciae vetch aphid,insecticide,,,,,,,,,,,,,,,,,,,,potential area of application: agro No effect,,,,,,,,,,2018/11/16,,,2018/11/22,
52529569,,460327,21434911,MAIN,11332859,2090613,,,,,,,,7168206,qualitative,,6089099,In Vitro (others),In Vitro (others),In Vitro (Efficacy),,,,Target : Megoura viciae vetch aphid,insecticide,,,,,,,,,,,,,,,,,,,,potential area of application: agro No effect,,,,,,,,,,2018/11/16,,,2018/11/22,
52529570,,460327,21434913,MAIN,15702063,2475257,,,,,,,,7168205,qualitative,,6089098,In Vitro (others),In Vitro (others),In Vitro (Efficacy),,,,Bioassay :  Use example 3For evaluating control of boll weevil (Anthonomus grandis) the test unit consisted of 24- well-microtiter plates containing an insect diet and 20-30 A. grandis eggs.The compounds or mixtures were formulated using a solution containing 75% water and 25% DMSO. Different concentrations of,insecticide,1806760,,,,,Anthonomus grandis,,,,,,,,,,,Anthonomus grandis,,,50% effect at 200 ppm of test compound potential area of application: agro,,,,,,,,,,2018/11/16,,,2018/11/22,
52529571,,460327,21434910,MAIN,11325110,1358707,,,,,,,,7168205,qualitative,,6089098,In Vitro (others),In Vitro (others),In Vitro (Efficacy),,,,Bioassay :  Use example 3For evaluating control of boll weevil (Anthonomus grandis) the test unit consisted of 24- well-microtiter plates containing an insect diet and 20-30 A. grandis eggs.The compounds or mixtures were formulated using a solution containing 75% water and 25% DMSO. Different concentrations of,insecticide,1806760,,,,,Anthonomus grandis,,,,,,,,,,,Anthonomus grandis,,,potential area of application: agro No effect,,,,,,,,,,2018/11/16,,,2018/11/22,
52529572,,460327,21434912,MAIN,12830495,2364479,,,,,,,,7168205,qualitative,,6089098,In Vitro (others),In Vitro (others),In Vitro (Efficacy),,,,Bioassay :  Use example 3For evaluating control of boll weevil (Anthonomus grandis) the test unit consisted of 24- well-microtiter plates containing an insect diet and 20-30 A. grandis eggs.The compounds or mixtures were formulated using a solution containing 75% water and 25% DMSO. Different concentrations of,insecticide,1806760,,,,,Anthonomus grandis,,,,,,,,,,,Anthonomus grandis,,,potential area of application: agro No effect,,,,,,,,,,2018/11/16,,,2018/11/22,
